values_congruency,subject,correct,latency
1,1,0.985294118,674.8112745
1,2,1,1023.263276
1,3,1,745.9640523
1,4,1,792.6034518
1,5,0.944444445,698.5841504
1,6,0.958333333,1121.183824
1,7,1,1304.573632
1,8,0.972222222,886.1568628
1,9,0.971405229,695.1642157
1,10,0.986111111,921.5343137
1,11,1,1372.240196
1,12,1,630.7148693
1,13,1,823.734375
1,14,0.986111111,615.1493056
1,15,0.985294118,750.9109477
1,16,1,951.7908495
1,17,0.943627451,612.0147059
1,18,1,731.870915
1,19,0.942810458,769.375817
1,20,0.985294118,582.2001634
1,21,0.972222222,898.9550654
1,22,1,915.6168301
1,23,1,653.9550654
1,24,1,858.623366
1,25,0.992647059,712.3071896
1,26,1,1080.397059
1,27,0.958333333,712.1029412
1,28,0.986111111,549.1038603
1,29,0.986111111,1470.236111
1,30,0.954861111,820.3074959
1,31,0.971405229,848.3684639
1,32,0.985294118,1141.021242
1,33,0.986111111,1055.941993
1,34,0.955780229,825.2454044
1,35,0.944444444,723.3480392
1,36,1,560.7385621
1,37,1,906.7508171
1,38,0.942708333,608.9045139
1,39,0.956699346,586.6511438
1,41,1,640.4812092
1,42,0.971405229,752.0588235
1,43,0.970486111,824.0954861
1,44,0.928921569,978.7938112
1,45,0.958333333,616.7148693
1,46,0.971008404,715.089916
1,47,0.942708333,586.6841299
1,48,0.805555556,583.5833333
1,49,0.970486111,752.3211806
1,50,1,710.0825164
1,51,0.971335268,644.8935958
1,52,1,706.380719
1,53,0.924632353,891.5642361
1,54,0.986111111,848.0243056
1,55,0.949789916,629.8466387
1,56,1,865.7031249
1,57,1,896.8038194
1,58,0.970588235,706.2359069
1,59,0.943627451,723.7663399
1,60,0.953125,579.2065972
1,61,0.955882353,570.8584559
1,62,1,817.0130718
1,63,0.985281385,736.911039
1,64,0.970486111,575.8599878
1,65,0.942708333,743.3468137
1,66,0.986111111,608.6935903
1,67,1,737.9754902
1,68,0.943650793,657.5140873
1,69,0.956699346,558.3194445
1,70,0.958333333,661.125
1,71,1,1214.455065
1,72,0.972222222,912.7499999
1,73,0.992647059,682.4313725
1,74,0.985294118,837.0473856
1,75,1,666.7081291
1,76,0.985294118,789.9501634
1,77,0.944444445,576.6111111
1,78,1,764.1008987
1,79,0.986111111,1101.764706
1,80,0.964015151,634.550505
1,81,0.986111111,613.9485294
1,82,0.95751634,543.5106209
1,83,0.985479798,630.3217745
1,84,0.25,727.0157272
1,85,1,838.7982026
1,86,0.970588235,749.8071896
1,87,1,816.9101307
1,88,0.978559757,534.5837652
1,89,0.929738562,738.5433007
1,90,0.943627451,653.9019608
1,91,0.883986928,550.0383987
1,92,0.929738562,669.1968954
1,93,0.95751634,527.4820262
1,94,0.954044118,1306.425449
1,96,1,870.4763072
1,97,0.970486111,748.078125
1,98,0.927287582,532.9517974
1,99,0.958333333,535.9828431
1,100,0.958333333,727.0333945
1,101,0.941176471,955.0367648
1,102,0.971405229,765.6838235
1,103,0.970588235,658.0245098
1,104,0.956699346,777.4803922
1,105,0.944444444,604.2761438
1,106,0.886437909,494.5596405
1,107,1,690.0191176
1,108,1,1351.376634
1,109,0.986111111,651.1560458
1,110,1,980.0104167
1,111,0.971405229,701.2982026
1,112,0.985294118,506.6928105
1,113,1,1073.464869
1,114,0.956699347,812.0400326
1,115,0.956699347,1429.2067
1,116,0.971405229,696.1944445
1,117,0.972222222,831.5759804
1,118,1,828.4215686
1,119,0.985294118,670.5499387
1,120,0.964484127,1147.792857
1,121,1,1351.244792
1,122,0.986111111,800.5874183
1,123,0.956597222,978.6510417
1,124,0.971405229,655.7679739
1,125,0.986111111,671.6772876
1,126,1,707.6371528
1,127,0.986111111,763.3586601
1,128,1,1098.922386
1,129,0.916666667,603.0972222
1,130,0.954044118,849.6745303
1,131,0.95751634,546.4763072
1,132,1,753.6903595
1,133,0.986111111,830.3905229
1,134,0.985294118,735.5408497
1,135,1,736.3619281
1,136,0.984375,1192.269608
1,137,0.986111111,626.625
1,138,0.958333333,698.6805556
1,139,0.971405229,639.5130719
1,140,0.944444445,540.953125
1,141,0.955882353,604.7320261
1,142,0.956699346,666.379085
1,144,0.95751634,615.7336601
1,145,1,1015.130821
1,146,0.956699347,734.001634
1,147,0.958333333,696.0138889
1,148,0.966607402,779.102627
1,149,0.940972222,706.5034722
1,150,1,758.2622549
1,152,1,834.5816994
1,153,0.986111111,791.6977124
1,154,0.958333333,732.0661765
1,155,0.938888889,996.7
1,156,0.986111111,671.3709151
1,157,1,854.9901962
1,158,0.985294118,704.996732
1,159,0.941993464,1266.372549
1,161,0.986111111,1441.528595
1,162,0.885620915,1019.777778
1,163,0.971132075,861.739717
1,165,1,930.5017361
1,166,0.986111111,1747.362847
1,167,0.986111111,537.7165033
1,168,0.756535948,955.9264706
1,169,0.985294118,1058.118464
1,170,0.986111111,583.4826389
1,171,0.985294118,690.6774918
1,172,0.972222222,953.7385622
1,173,0.972222222,1101.936275
1,174,0.928819444,668.2719567
1,175,1,1266.311275
1,176,0.986111111,777.1356209
1,177,1,745.0370711
1,178,1,679.8120915
1,179,0.986111111,674.1527778
1,180,0.986111111,835.746732
1,181,0.985294118,829.4125818
1,182,0.992857143,650.4390873
1,183,0.972222222,671.0260417
1,184,0.956699346,493.3251634
1,185,0.985294118,640.2867647
1,186,0.958333333,613.9583334
1,187,0.970588236,744.6887255
1,188,0.986111111,658.1446079
1,190,0.985294118,876.8627451
1,191,0.971405229,1054.640523
1,192,0.971405229,787.3660131
1,193,1,799.6870915
1,194,0.971405229,779.6813726
1,195,0.985294118,727.749183
1,196,1,729.1650327
1,197,0.928104575,656.2777778
1,198,0.928921569,2197.075164
1,199,0.930357143,591.5934174
1,200,1,705.8096405
1,201,1,677.3088235
1,202,0.95751634,645.1421569
1,203,0.875,647.8854167
1,204,0.912377451,823.3038195
1,205,1,868.1207516
1,206,0.971405229,985.3194444
1,207,1,724.6838235
1,208,0.928104575,1345.235294
1,209,0.972222222,837.872549
1,210,0.972222222,666.3382353
1,211,0.927287582,550.7671569
1,212,0.984375,712.4184028
1,213,0.972222222,666.0024393
1,214,0.944444444,2030.215686
1,215,1,692.5326798
1,216,1,641.5138889
1,217,0.948503947,757.206398
1,218,0.985294118,743.8039216
1,219,0.972222222,807.0122549
1,221,0.971405229,989.3897061
1,222,0.985294118,643.3562092
1,223,0.985912698,850.2998016
1,224,0.985294118,1010.376021
1,225,1,587.5359477
1,226,0.958333333,592.6715686
1,227,0.986111111,952.7165035
1,228,1,650.7560253
1,229,0.87893324,1151.357656
1,230,0.986111111,1009.875817
1,231,1,634.001634
1,232,0.986111111,621
1,233,0.986111111,1095.222222
1,234,0.972222222,1626.863154
1,235,0.986111111,667.1111111
1,236,0.871527778,1434.222222
1,237,0.985294118,678.9093137
1,238,0.956699346,858.1405227
1,239,0.755718954,577.4305556
1,240,0.913398693,683.0705678
1,241,1,772.4150327
1,242,1,551.4125817
1,243,0.972222222,865.4174838
1,244,1,735.9877451
1,245,0.956932773,755.5957983
1,247,1,1024.361111
1,248,0.985294118,673.7761438
1,249,0.984375,1332.355086
1,250,0.983333333,819.9305556
1,251,0.984375,879.8491626
1,252,0.972222222,891.5228759
1,253,0.972222222,612.2459151
1,254,0.984375,829.6810662
1,255,0.985294118,714.4248366
1,256,1,630.486508
1,257,0.95751634,696.3431373
1,258,0.972222222,542.4444444
1,259,0.985294118,539.5751634
1,260,0.925347222,524.9640523
1,261,1,740.3836806
1,262,0.985702614,603.8246499
1,263,0.985504202,1123.89539
1,264,0.986111111,674.255719
1,265,0.992857143,876.5950397
1,266,0.942857143,629.2357143
1,267,0.963655462,968.9534546
1,268,0.970761183,606.0978896
1,269,0.985714286,940.926389
1,270,0.972222222,879.0486112
1,271,0.984375,945.0023313
1,272,0.971428571,868.5152778
1,273,0.990740741,679.0388177
1,274,0.936507937,724.4361111
1,275,0.971813725,698.1168301
1,276,0.978571428,856.2349206
1,277,0.96407563,664.459301
1,278,0.971428571,1086.35
1,279,0.985702614,738.8933824
1,280,1,768.7014706
1,281,0.9714169,742.9389122
1,282,0.936507937,1152.346627
1,283,0.913445378,737.2420168
1,284,0.986111111,802.2581699
1,285,0.992424243,732.9566198
1,286,0.976034859,716.0803377
1,287,1,829.2886672
1,288,0.96468254,947.7508637
1,289,0.970984,626.512465
1,290,0.95629085,874.5920868
1,291,0.971626984,670.9134921
1,292,0.965079365,858.9392496
1,293,0.978151261,753.4444561
1,294,0.985702614,841.3541667
1,295,0.992857143,775.0155461
1,296,0.985281385,838.1882756
1,298,1,822.5224323
1,299,0.978968254,725.7843254
1,300,1,718.9227994
1,301,0.943639122,621.1436158
1,302,0.977941177,590.3532796
1,303,0.964472456,665.5779383
1,304,1,639.0275964
1,305,0.992647059,776.6405579
1,306,1,671.2133658
1,307,0.992857143,719.749008
1,308,0.964682539,1138.95754
1,309,0.992647059,690.4522059
1,310,0.97012987,883.7353175
1,312,0.949976657,663.5924953
1,313,0.986111111,808.0303572
1,314,0.972222222,776.4461806
1,315,0.978100198,761.4453869
1,316,0.936286181,737.9774043
1,317,0.964472456,535.3044351
1,318,1,1185.705474
1,319,0.860119048,735.7700397
1,320,0.978361344,830.6595588
1,321,1,804.0601307
1,322,0.978571429,698.364916
1,323,0.971813726,998.399844
1,324,0.950163399,691.6343954
1,325,0.971405229,860.6580533
1,326,0.985714286,717.500852
1,327,0.993055556,610.9162232
1,328,0.963852814,950.9376624
1,329,0.985714286,716.7819678
1,330,0.985294118,729.6081583
1,331,0.964063959,570.2109827
1,332,0.985281385,635.0508658
1,333,1,647.3282446
1,334,0.978361345,951.6945379
1,335,0.970996732,562.8717321
1,336,0.964880952,708.3613456
1,337,0.978571429,732.0905462
1,338,0.971218487,992.8094538
1,339,0.935866013,561.435049
1,340,0.971825397,571.4319795
1,341,0.971516691,644.9478411
1,342,0.978138528,583.9489687
1,343,0.979166667,688.8970238
1,344,0.985912698,772.8322012
1,345,1,748.0492244
1,346,0.971825397,586.3342087
1,347,0.942401961,550.6062092
1,348,1,680.3340336
1,349,0.992857143,744.2381303
1,350,1,824.2719188
1,351,0.992857143,721.2598039
1,352,0.985912698,978.9880251
1,353,0.992647059,683.2581699
1,354,0.986111111,560.3504902
1,355,1,1423.771305
1,356,0.971590909,787.273088
1,357,1,911.5600841
1,358,0.985912698,624.4148809
1,359,0.978769841,763.1551587
1,360,0.957329598,795.4241714
1,361,1,753.9241597
1,362,0.971428571,770.6965368
1,363,1,654.1786616
1,364,0.957329598,1118.554214
1,365,0.956722689,672.9773109
1,366,0.985714286,812.0642507
1,367,1,925.8022175
1,368,0.971008403,713.7927171
1,369,0.992647059,814.1111344
1,370,0.971428572,732.8357143
1,371,0.913816739,578.8469156
1,372,0.978571429,683.2114496
1,373,0.985912698,945.6431722
1,374,0.97815126,806.6257937
1,375,1,1003.78355
1,376,0.950757576,1085.009758
1,377,0.971615313,621.0419001
1,378,0.958333333,821.125
1,379,0.957142857,744.25
1,380,0.993055556,636.6606676
1,381,0.971008403,818.2882353
1,382,0.956722689,765.7523109
1,383,0.992647059,627.6161765
1,384,0.972222222,723.2672619
1,385,0.977705628,631.0703644
1,386,0.966974413,570.5073543
1,387,0.985667634,880.3389138
1,388,0.995192308,774.4425126
1,389,0.89509434,798.3928302
1,390,0.91816429,612.9275378
1,391,0.981041364,807.3180334
1,392,0.941985298,807.1659349
1,393,0.966775599,682.0652548
1,394,0.966426193,586.9526401
1,395,0.948717949,708.8972578
1,396,0.938113207,620.3400944
1,397,0.990562678,716.4725716
1,398,0.947740284,567.0051773
1,399,0.97142598,653.2728005
1,401,0.966527576,678.2791183
1,402,0.95209027,587.7030152
1,403,0.956999345,831.3722662
1,404,0.971513134,740.331761
1,405,0.990381058,766.4604553
1,406,0.995192308,621.0317489
1,407,0.937387945,580.978546
1,408,0.985566038,767.4247595
1,410,1,671.3879385
1,411,0.962163361,710.2008913
1,412,0.967330538,611.4837963
1,413,0.960878582,932.3358484
1,414,0.96661473,950.4895593
1,415,0.990381058,661.1298557
1,416,0.98139413,689.1128581
1,417,0.990653389,1173.397311
1,418,1,821.651789
1,419,0.967058405,836.965812
1,420,0.990283019,879.3189307
1,421,0.933760684,613.0080128
1,422,0.95736219,697.6746617
1,423,0.976023759,834.5937457
1,424,0.941622272,611.0588532
1,425,0.961607402,764.8549456
1,426,0.976132076,745.9265619
1,427,0.938550787,622.3375365
1,428,0.990566038,743.6445668
1,429,0.935010482,555.0193047
1,431,0.976111111,713.4533226
1,432,0.985667634,640.5971517
1,433,0.957254285,679.6418229
1,434,0.995283019,613.3742399
1,435,0.966415094,709.575283
1,436,0.990475327,895.7825653
1,437,0.98102376,834.6209237
1,438,0.947928228,690.0945246
1,439,0.971607402,618.7177068
1,441,1,642.2831301
1,442,0.913984462,561.4992601
1,443,0.971513134,626.0218472
1,444,0.942320262,1033.363693
1,445,0.980674962,769.7820722
1,446,0.928338171,814.7318578
1,447,0.976230115,647.1355901
1,448,0.976673789,624.6337251
1,449,0.990740741,831.1377996
1,450,0.957264958,591.1048789
1,451,0.985936408,605.3496681
1,452,0.970947293,650.693198
1,453,0.929019197,629.6981029
1,455,0.957002903,704.5058055
1,456,0.95281339,805.1106844
1,457,0.919693732,669.2321937
1,458,0.985751428,616.553973
1,459,0.92211329,645.8366013
1,460,0.995283019,638.332275
1,461,0.957090057,729.5137205
1,462,0.981125356,797.47151
1,464,0.961538462,585.0240385
1,465,0.96216672,609.6136947
1,466,0.96260328,622.6838441
1,467,0.971422423,785.895965
1,468,0.986111111,699.7545051
1,469,0.990283019,725.1730189
1,471,0.976324383,538.4732402
1,472,0.95744302,605.0901501
1,473,0.985758346,580.3361009
1,474,0.96171277,803.1104684
1,475,0.938920747,723.4131521
1,476,0.961971266,623.1652948
1,477,1,797.8834731
1,478,0.93744302,710.8525285
1,479,0.957456459,532.3672433
1,480,0.97204416,708.1167151
1,481,0.961444193,616.4918769
1,482,0.952558055,528.5453556
1,483,0.942708333,828.1493056
1,484,0.966063349,623.0817592
2,1,0.914215686,840.5759804
2,2,0.91503268,1446.053922
2,3,0.985294118,779.9934641
2,4,0.915849673,759.8921569
2,5,0.928104575,707.7704248
2,6,0.055555556,1188.912582
2,7,0.972222222,1651.768791
2,8,0.986111111,1096.455065
2,9,0.958333333,782.5433007
2,10,0.845588235,1075.878472
2,11,0.682189543,2067.808007
2,12,1,758.5669935
2,13,1,973.8080065
2,14,0.854166667,725.9774306
2,15,0.886437909,1001.535948
2,16,0.958333333,975.4517974
2,17,0.94189134,576.5982435
2,18,0.95751634,793.5702615
2,19,0.929738562,799.4665033
2,20,0.928104575,607.877451
2,21,0.95751634,1047.83027
2,22,0.985294118,1006.695261
2,23,0.941993464,812.7606209
2,24,1,1153.118464
2,25,0.950373483,813.0361461
2,26,0.928002451,1530.49857
2,27,0.971405229,744.4468955
2,28,0.971405229,668.7965686
2,29,0.943627451,1827.070261
2,30,0.971405229,949.7001635
2,31,0.930555556,901.7001633
2,32,0.944444444,1253.605392
2,33,0.95751634,1149.172386
2,34,0.828431373,1103.88317
2,35,0.902777778,887.2152778
2,36,0.970588235,653.7034314
2,37,0.984375,1012.802798
2,38,0.956699346,748.871732
2,39,0.972222222,755.5236928
2,41,0.985294118,660.0351307
2,42,0.944444444,752.0964053
2,43,0.95751634,945.6241831
2,44,0.762254902,1300.325981
2,45,0.871732026,707.5653595
2,46,0.97875817,723.7812325
2,47,0.930555555,711.9763072
2,48,0.812254902,644.3563725
2,49,0.986111111,859.9550654
2,50,0.969669118,916.9467933
2,51,0.947275858,771.2646083
2,52,0.95751634,813.8529413
2,53,0.972222222,1045.097222
2,54,0.986111111,852.3333333
2,55,0.957539682,636.9369048
2,56,0.972222222,890.8978758
2,57,0.986111111,984.3251635
2,58,0.888071895,936.9133987
2,59,0.940972222,753.9861111
2,60,0.928104575,737.249183
2,61,0.902777778,639.7916667
2,62,0.954861111,750.3142361
2,63,0.958134921,750.4089286
2,64,1,610.0277778
2,65,0.985294118,852.2810458
2,66,0.992857143,621.3978175
2,67,0.958333333,849.3643791
2,68,0.941559503,788.965576
2,69,0.956699346,640.3205678
2,70,0.912581699,776.0392157
2,71,0.941176471,1525.505719
2,72,0.971405229,1071.131536
2,73,0.971428571,805.9954365
2,74,0.958333333,999.1666666
2,75,0.943627451,726.5906863
2,76,0.972222222,886.7785948
2,77,0.823120915,697.8584559
2,78,0.958333333,866.9861111
2,79,0.985294118,1178.71395
2,80,0.96468254,678.2291667
2,81,0.956699347,731.628268
2,82,1,617.6094772
2,83,0.950980392,699.6989379
2,84,0.222222222,768.2916667
2,85,1,991.0620915
2,86,0.986111111,899.6470589
2,87,0.943627451,1061.919118
2,88,0.950186741,623.9780345
2,89,0.928921569,826.7246732
2,90,0.956699346,759.2083333
2,91,0.898692811,615.3284314
2,92,0.913398693,693.9738562
2,93,0.928104576,566.2295752
2,94,0.930555555,2033.680556
2,96,0.971405229,1035.828432
2,97,0.886437909,983.9877451
2,98,0.958333333,575.2181373
2,99,0.958333333,653.7630719
2,100,0.91503268,859.2998367
2,101,0.798611111,1080.907986
2,102,0.95751634,909.3398693
2,103,0.943627451,705.5490196
2,104,0.911764706,951.6013073
2,105,0.956699347,627.8349673
2,106,0.901960785,519.4717116
2,107,0.958333333,812.0416667
2,108,0.929738562,1707.569445
2,109,0.955882353,881.3758169
2,110,0.943627451,1089.695262
2,111,0.958333333,739.0204248
2,112,0.971405229,526.9526144
2,113,0.970588235,1246.243464
2,114,0.83006536,849.0187909
2,115,0.986111111,1664.00817
2,116,0.986111111,766.1960785
2,117,1,939.7344773
2,118,0.843137255,1336.908497
2,119,0.972222222,737.8888889
2,120,0.956722689,1226.195868
2,121,0.869281046,1832.227124
2,122,1,915.8962419
2,123,0.972222222,1025.172386
2,124,0.985294118,726.1544118
2,125,0.986111111,719.2230392
2,126,0.986111111,805.8129085
2,127,0.956699347,926.6274509
2,128,0.927287582,1397.602941
2,129,0.938419118,596.159518
2,130,0.958333333,956.1691178
2,131,0.95751634,642.4919322
2,132,0.970588236,966.2949348
2,133,0.942810458,963.0147059
2,134,0.923713235,794.0864992
2,135,1,842.32067
2,136,0.689542484,1387.617647
2,137,0.956699346,766.7903595
2,138,0.914215686,896.0531047
2,139,0.928002451,739.3975695
2,140,0.986111111,629.75
2,141,0.888071896,725.8880719
2,142,0.942810458,780.1854575
2,144,0.929738562,718.2867647
2,145,0.930555556,1174.125
2,146,1,912.9689543
2,147,0.969669118,794.0987541
2,148,0.952736118,913.6066562
2,149,0.916666666,831.5833333
2,150,0.94189134,888.2035335
2,152,0.985294118,949.5590277
2,153,0.956699347,940.6642157
2,154,0.986111111,809.8284314
2,155,0.901960784,1263.659314
2,156,0.985294118,713.0490196
2,157,1,1041.84232
2,158,0.940972222,808.0850694
2,159,0.929738562,1277.812908
2,161,0.827614379,1652.299836
2,162,0.900326797,951.1560458
2,163,0.924686207,1076.937886
2,165,0.986111111,974.402778
2,166,0.68627451,1972.414216
2,167,0.930555556,605.1545139
2,168,0.628267974,1137.417484
2,169,0.958333333,1182.207721
2,170,0.901143791,626.995098
2,171,0.971405229,752.128268
2,172,1,1024.432496
2,173,0.857026144,1348.455883
2,174,0.958333333,765.4305556
2,175,0.986111111,1249.098856
2,176,0.886437909,969.4771243
2,177,0.986111111,999.5792483
2,178,1,854.8948121
2,179,0.971405229,714.9354575
2,180,0.970588236,770.3235294
2,181,0.928921569,1105.541667
2,182,1,679.2175866
2,183,0.944444445,739.6511438
2,184,0.970486111,552.2100695
2,185,0.958333333,717.4607843
2,186,0.956699347,687.1176471
2,187,0.958333333,853.1013072
2,188,0.942810458,745.8088235
2,190,0.930555556,1154.187909
2,191,0.928921569,1353.384804
2,192,0.96875,821.7871732
2,193,0.986111111,954.6178513
2,194,0.914215686,809.3504902
2,195,0.955780229,897.6119281
2,196,0.95751634,788.6919935
2,197,0.95751634,670.7671569
2,198,0.927287582,2352.236928
2,199,0.906267507,639.1668417
2,200,0.970588236,855.1421569
2,201,1,823.1895425
2,202,0.926470588,805.754902
2,203,0.87254902,828.627451
2,204,0.943627451,874.3153595
2,205,0.972222222,1017.222222
2,206,0.958333333,1083.232843
2,207,0.971405229,849.8071895
2,208,0.857843137,1432.172386
2,209,0.882352941,1123.5
2,210,1,734.8937909
2,211,0.971405229,556.0465686
2,212,0.901041667,859.1996528
2,213,0.935294118,790.2313025
2,214,0.941993464,2333.482843
2,215,0.985294118,801.8398693
2,216,0.95751634,769.747549
2,217,0.902380953,1002.529563
2,218,0.986111111,773.8570262
2,219,0.941176471,1007.835784
2,221,1,1033.333333
2,222,1,651.9003268
2,223,0.935084034,1072.477311
2,224,0.985294118,1180.55719
2,225,1,611.495915
2,226,0.985294118,689.501634
2,227,0.970486111,969.4023692
2,228,0.986111111,661.0204249
2,229,0.864239029,1363.217472
2,230,0.802287582,1189.836601
2,231,0.985294118,803.4730393
2,232,0.911764706,779.3970588
2,233,0.985294118,1220.059334
2,234,0.928921569,2030.446078
2,235,1,729.7205883
2,236,0.870098039,1734.853758
2,237,0.984375,719.1783088
2,238,0.901143791,887.2753268
2,239,0.761437909,626.0531046
2,240,0.901960784,914.5825163
2,241,1,1035.864379
2,242,1,627.9272876
2,243,0.970588236,921.5571895
2,244,0.986111111,762.8447713
2,245,0.935714286,792.9494048
2,247,0.927083333,1182.38368
2,248,1,775.7099673
2,249,0.916666667,1135.841503
2,250,0.91503268,1068.92402
2,251,0.944444444,1136.847223
2,252,0.942708333,1276.702717
2,253,0.985294118,720.0473856
2,254,0.874183007,911.6895426
2,255,0.886437909,805.5882353
2,256,1,680.9225374
2,257,0.971405229,753.349469
2,258,0.970588235,593.9910131
2,259,0.943627451,639.253268
2,260,0.916666667,562.5563726
2,261,1,1066.814543
2,262,0.985504202,641.4554038
2,263,0.993055556,925.5836485
2,264,0.970588236,776.6380719
2,265,0.971626984,993.0369591
2,266,0.936297852,716.0170752
2,267,0.935702614,1084.843768
2,268,0.913643791,626.864916
2,269,0.892226891,1066.995378
2,270,0.970588235,1032.345588
2,271,0.95,1125.695635
2,272,0.928361345,1058.668697
2,273,0.947387518,782.2720428
2,274,0.892390289,715.3354108
2,275,0.948900772,808.9899733
2,276,0.949717766,998.6587195
2,277,0.867261905,813.1789683
2,278,0.950163399,1007.737337
2,279,0.978769841,760.8874066
2,280,1,828.5755953
2,281,0.963643791,825.2892157
2,282,0.81355042,1591.119853
2,283,0.922420635,844.5537698
2,284,0.927628968,817.4393849
2,285,0.985714286,767.2619281
2,286,0.942851959,797.2842888
2,287,1,917.3361929
2,288,0.914285714,1293.235714
2,289,0.943627451,676.3284314
2,290,0.978349673,1040.063597
2,291,0.913149351,760.167316
2,292,0.957131186,907.7918884
2,293,0.985504202,810.3830066
2,294,0.964472456,975.9859478
2,295,0.992857143,917.2549603
2,296,0.943032213,985.1903829
2,298,0.992857143,947.2816738
2,299,0.957070707,917.778337
2,300,0.985714286,771.1
2,301,0.985294118,652.3501167
2,302,0.964869281,675.4402778
2,303,0.972222222,718.375
2,304,0.978968254,747.7867064
2,305,0.942436975,1065.119456
2,306,0.985479798,789.9723846
2,307,0.992424243,804.4259136
2,308,0.978151261,1304.406723
2,309,0.978571429,796.1936975
2,310,0.971428571,920.6654762
2,312,0.927719421,702.6251401
2,313,0.963432646,848.7860453
2,314,1,774.5767974
2,315,0.957142857,973.3251983
2,316,0.942612045,847.3207633
2,317,0.977495544,633.8327763
2,318,0.992857143,1286.271429
2,319,0.825630252,929.5611344
2,320,1,958.5570167
2,321,0.879318394,1015.669468
2,322,0.97875817,727.4846522
2,323,0.95813492,940.945635
2,324,0.914227357,789.0898576
2,325,0.964880953,1023.816378
2,326,0.956673881,779.7830267
2,327,0.992647059,659.0943627
2,328,0.937091503,1149.640114
2,329,0.957726424,776.6326214
2,330,0.943639122,774.0510038
2,331,0.971590909,626.7967172
2,332,0.986111111,736.3912699
2,333,0.985714286,681.85
2,334,0.985504202,1078.614683
2,335,0.949976657,615.9104925
2,336,0.985714286,709.2428572
2,337,0.971405229,777.6245799
2,338,0.885912699,1187.519842
2,339,0.921428572,632.6
2,340,0.957142857,592.1006302
2,341,0.981125356,765.8187322
2,342,0.950992064,685.0835318
2,343,0.941745183,842.9639971
2,344,0.927731093,987.1071428
2,345,0.985702614,802.2435691
2,346,0.978571429,643.0071779
2,347,0.957936508,616.7382937
2,348,0.943020541,963.7252102
2,349,0.985504202,834.429937
2,350,0.992857143,950.45021
2,351,0.985702614,864.8348389
2,352,0.978336941,998.1373738
2,353,0.971428572,714.4782468
2,354,0.97875817,605.2332517
2,355,1,1612.256303
2,356,0.935901027,971.5520075
2,357,1,979.2308823
2,358,0.948479543,706.9433431
2,359,0.978361344,903.9840336
2,360,0.928513072,913.9362746
2,361,0.964472456,809.9394374
2,362,0.943849206,951.5577382
2,363,0.935294118,820.1693278
2,364,0.993055556,1236.641515
2,365,0.944035948,824.7193161
2,366,0.942436975,992.6199463
2,367,0.985912698,1087.948518
2,368,0.992647059,816.794211
2,369,0.935877684,827.1158147
2,370,0.949296537,843.7755772
2,371,0.871148459,691.7861578
2,372,0.985504202,758.7004669
2,373,0.971428572,1062.031092
2,374,0.936893091,1016.102311
2,375,0.985912698,1060.66728
2,376,0.957070707,1227.635426
2,377,0.993055556,641.8895563
2,378,0.941806723,910.975
2,379,0.914460785,734.0858543
2,380,0.978559757,759.5091153
2,381,0.900793651,1060.711508
2,382,0.971813725,821.8447713
2,383,0.956921102,816.2167367
2,384,0.978361345,755.6523109
2,385,0.956711018,694.6207866
2,386,0.918331483,685.2031077
2,387,0.951999559,1140.761209
2,388,0.966142961,957.7074238
2,389,0.929047062,918.1990674
2,390,0.948113207,662.2783019
2,391,0.938016401,1041.865037
2,392,0.924050438,905.1572944
2,393,0.966691805,759.6615343
2,394,0.937852173,652.821596
2,395,0.937782761,837.3719257
2,396,0.929245283,701.8699202
2,397,0.942565597,886.2522874
2,398,0.924302216,648.0013976
2,399,0.947817161,716.9587209
2,401,0.952155835,847.4475682
2,402,0.952460229,648.5286719
2,403,0.962351502,907.9887882
2,404,0.957244009,814.3186275
2,405,0.957432546,935.797857
2,406,0.933764044,734.6443349
2,407,0.943735553,673.376737
2,408,0.887491265,987.0222746
2,410,0.990566038,732.239417
2,411,0.938299405,789.8649499
2,412,0.970965309,632.2359024
2,413,0.906163933,1090.571315
2,414,0.957456459,1100.436757
2,415,0.93421424,802.5273545
2,416,0.97104092,744.7892706
2,417,0.971034447,1417.191132
2,418,0.990653389,926.5046949
2,419,0.942911643,950.6326889
2,420,0.976230312,1117.313239
2,421,0.961433719,619.831327
2,422,0.924165457,836.7802068
2,423,0.971244557,1060.3125
2,424,0.934486373,670.0977464
2,425,0.966111111,846.2368519
2,426,0.871552975,918.9232583
2,427,0.942820932,766.4288587
2,428,0.971059578,762.1988122
2,429,0.941730769,603.3025
2,431,0.975947507,836.0028158
2,432,0.975769444,703.0092498
2,433,0.976142961,728.7836859
2,434,0.995283019,659.5145004
2,435,0.957537091,782.4755483
2,436,0.961884113,1090.542211
2,437,0.985849057,903.4176343
2,438,0.938309286,682.331576
2,439,0.971516691,653.6957547
2,441,0.980950653,699.3924166
2,442,0.895137881,570.8399855
2,443,0.948462614,720.1592058
2,444,0.891108645,1212.054867
2,445,0.938735964,1029.351779
2,446,0.93822569,903.8986755
2,447,0.97105602,715.6040697
2,448,0.95246023,681.68202
2,449,0.956227166,1132.914202
2,450,0.961992017,660.1165638
2,451,0.980475327,666.3465854
2,452,0.948092654,695.5080775
2,453,0.928058923,741.250217
2,455,0.946623093,837.6884532
2,456,0.942243187,944.4789483
2,457,0.879337607,728.365463
2,458,0.975769444,667.8153868
2,459,0.957634521,731.9330888
2,460,0.980859942,713.6739841
2,461,0.93822233,881.0818551
2,462,0.947370127,993.1165858
2,464,0.967058207,659.8144346
2,465,0.961981132,682.529336
2,466,0.966342597,690.2978208
2,467,0.929288168,889.7070974
2,468,0.985294118,786.9922502
2,469,0.919357765,922.4109216
2,471,0.927830189,571.1132076
2,472,0.956142961,664.6285015
2,473,0.94218872,641.5437477
2,474,0.976317664,1013.417379
2,475,0.966702279,871.8181476
2,476,0.961971267,667.3771067
2,477,0.975961539,961.9326924
2,478,0.91472438,787.6017388
2,479,0.909442184,641.1892188
2,480,0.937739478,867.4166002
2,481,0.96207265,681.7656695
2,482,0.96633568,616.0037812
2,483,0.899509804,982.0874183
2,484,0.957365747,772.9492017
