subject,latency,correct,color
1,733.6176471,0.882352942,black
2,1072.256945,0.944444445,black
3,844.7222223,1,black
4,701.8284314,0.944444445,black
5,646.25,0.888888889,black
6,945.3611111,0.444444445,black
7,1240.197917,0.972222222,black
8,867.9934641,0.972222222,black
9,735.5,0.944444445,black
10,984.2908496,0.944444445,black
11,1704.055556,0.944444445,black
12,657.8611111,1,black
13,867.9444445,1,black
14,697.59375,0.875,black
15,915.4558824,0.944444445,black
16,948.3333332,0.944444445,black
17,564.7847222,0.913194445,black
18,740.4183007,0.972222222,black
19,688.3529412,0.970588236,black
20,549.8235294,0.882352942,black
21,989.147059,0.970588236,black
22,913.7630718,1,black
23,715.1486928,0.970588236,black
24,861.1862747,1,black
25,862.3037815,0.985714286,black
26,1427.117647,0.970588236,black
27,649.5882353,1,black
28,568.8923611,1,black
29,1540.24183,0.972222222,black
30,706.5212419,1,black
31,729.3676471,0.972222222,black
32,1041.514706,0.944444445,black
33,1003.888889,0.944444445,black
34,952.7107842,0.823529412,black
35,779.3888889,0.833333333,black
36,569.9166667,1,black
37,908.4356618,0.96875,black
38,638.8547794,0.909926471,black
39,636.9918301,0.972222222,black
41,692.5555556,1,black
42,775.7352941,0.970588236,black
43,854.5,0.944444445,black
44,1006.239584,0.861111111,black
45,573.6764706,0.941176471,black
46,699.1472222,0.986111111,black
47,634.7408088,0.96875,black
48,586.0849673,0.941176471,black
49,771.8333333,0.972222222,black
50,764.4248366,0.970588236,black
51,745.923454,0.951168929,black
52,779.7303923,0.972222222,black
53,952.0555557,1,black
54,844.1111111,0.972222222,black
55,622.5789916,0.971008403,black
56,706.8229167,0.944444445,black
57,957.746528,1,black
58,833.3819445,0.861111111,black
59,682.3970588,0.9375,black
60,688,0.941176471,black
61,588.3366014,0.944444445,black
62,701.6699347,1,black
63,697.0142857,1,black
64,579.7222223,1,black
65,739.0694445,0.96875,black
66,589.8887446,1,black
67,694.8235294,1,black
68,672.8857143,0.928571429,black
69,607.1111111,0.972222222,black
70,685.756536,0.913398693,black
71,1162.333333,1,black
72,971.7777776,1,black
73,764.3968254,0.985714286,black
74,890.5555556,0.972222222,black
75,662.1111112,0.944444445,black
76,821.1944445,0.972222222,black
77,647.506536,0.941176471,black
78,786.2638889,0.972222222,black
79,936.3854167,1,black
80,645.3926407,0.971428572,black
81,640.0294118,0.970588236,black
82,561.0392157,1,black
83,656.4532828,0.92929293,black
84,714.3267974,0.5,black
85,820.8055556,1,black
86,770.259804,1,black
87,792.0931373,0.972222222,black
88,574.3396826,0.957936508,black
89,772.9722223,0.888888889,black
90,722.1176471,0.970588236,black
91,516.3071896,0.854575163,black
92,593.2647059,0.882352941,black
93,503.7222223,0.888888889,black
94,1331.861111,0.944444445,black
96,979.4705883,0.970588236,black
97,755.1944445,0.972222222,black
98,536.496732,1,black
99,555,1,black
100,706.2924837,0.972222222,black
101,1005.20915,0.803921569,black
102,902.2287581,0.944444445,black
103,614.6862746,1,black
104,806.3594772,0.970588236,black
105,568.3235294,1,black
106,496.5104167,1,black
107,723.5888889,1,black
108,1350.194444,0.888888889,black
109,793.2352941,1,black
110,920.6781047,0.970588236,black
111,684.3888889,0.944444445,black
112,484.8888889,0.972222222,black
113,1079.594771,1,black
114,711.4705883,0.776143791,black
115,1427.558824,0.970588236,black
116,671.1666667,0.972222222,black
117,785.2892157,0.972222222,black
118,1059.294118,0.941176471,black
119,696.0555556,0.972222222,black
120,1252.703782,0.956302521,black
121,1615.388889,0.882352941,black
122,883.1879086,1,black
123,912.2843137,0.972222222,black
124,707.7058824,1,black
125,668.8529412,1,black
126,734.2922794,1,black
127,784.1764706,0.970588236,black
128,1126.794117,0.941176471,black
129,590.8022876,0.91503268,black
130,925.5588238,0.970588236,black
131,646.1111112,1,black
132,816.5326798,0.970588236,black
133,857.0588236,0.944444445,black
134,731.8709151,0.941176471,black
135,816.8194445,1,black
136,1260.861111,0.861111111,black
137,668.6584968,0.941176471,black
138,808.3480394,0.941176471,black
139,677.4166667,0.916666667,black
140,548.9722223,0.944444445,black
141,669.6111111,0.916666667,black
142,663.5441177,0.941176471,black
144,640.3529412,1,black
145,1137.777778,1,black
146,761.75,0.972222222,black
147,662.1909722,0.940972222,black
148,764.429971,0.933780842,black
149,738.9166667,0.972222222,black
150,812.7058824,0.970588236,black
152,907.9133985,1,black
153,841.382353,0.970588236,black
154,721.8235294,1,black
155,1086.333333,0.972222222,black
156,667.6715687,0.970588236,black
157,898.251634,1,black
158,736.8923611,0.9375,black
159,1275.019608,0.970588236,black
161,1646.658497,0.970588236,black
162,918.6405228,0.942810458,black
163,933.0506641,0.935185185,black
165,961.2222224,0.972222222,black
166,1873.253268,0.852941177,black
167,527.6111112,0.916666667,black
168,1161.361111,0.666666667,black
169,1069.673611,1,black
170,561.3545752,0.941176471,black
171,621.2222222,1,black
172,916.1493056,1,black
173,1225.53268,0.941176471,black
174,735.3888889,0.888888889,black
175,1039.277778,1,black
176,801.4705882,0.970588236,black
177,795.446691,1,black
178,776.4297386,1,black
179,679.6944445,0.972222222,black
180,733.246732,0.942810458,black
181,978.7696077,0.942810458,black
182,640.9940477,1,black
183,699.8888889,0.944444445,black
184,527.4724265,0.96875,black
185,678.2222222,0.944444445,black
186,643.6748366,0.91503268,black
187,719.75,0.916666667,black
188,727.8954249,0.942810458,black
190,952.7303923,0.972222222,black
191,1277.883987,0.916666667,black
192,813.0277778,1,black
193,838.3611111,0.972222222,black
194,696.7941177,0.941176471,black
195,878.8055555,0.972222222,black
196,741.8006536,1,black
197,624.7042484,0.972222222,black
198,1775.055556,0.972222222,black
199,605.132353,0.897058824,black
200,796.6944445,1,black
201,700.4444445,1,black
202,658.130719,1,black
203,762.5,0.861111111,black
204,743.5716912,0.908088236,black
205,874.5555555,1,black
206,963.0588236,0.970588236,black
207,742.259804,1,black
208,1234.419935,0.885620915,black
209,889.4607842,0.911764706,black
210,671.4820262,1,black
211,527.4575163,0.942810458,black
212,756.7881945,0.96875,black
213,728.3439543,0.942810458,black
214,1855.187909,1,black
215,715.2156863,1,black
216,669.0833333,0.944444445,black
217,725.6714286,0.942857143,black
218,704.1993464,0.972222222,black
219,761.5,1,black
221,991.0816991,1,black
222,617.3529412,1,black
223,875.4424604,0.971825397,black
224,1041,1,black
225,577.0882353,1,black
226,659.1846405,1,black
227,850.377451,1,black
228,657.1683007,0.972222222,black
229,1514.085714,0.9,black
230,1072.400327,0.944444445,black
231,754.630719,0.970588236,black
232,640.9052288,0.941176471,black
233,1068.211806,1,black
234,1889.045752,0.944444445,black
235,669.8954249,1,black
236,1432.277778,0.944444445,black
237,567.127451,1,black
238,790.8235294,0.941176471,black
239,533.9232026,0.717320262,black
240,718.8055556,0.916666667,black
241,842.2009804,1,black
242,625.6470589,1,black
243,880.2957516,1,black
244,706.9183007,1,black
245,719.3915967,0.913865546,black
247,1181.960784,1,black
248,702.3954249,1,black
249,1186.833334,0.944444445,black
250,918.7499999,0.916666667,black
251,1027.861111,0.916666667,black
252,1030.929738,0.944444445,black
253,635.7941177,0.970588236,black
254,905.777778,0.944444445,black
255,817.6176471,0.941176471,black
256,610.0480159,1,black
257,657.2892157,0.970588236,black
258,573.9117647,1,black
259,565.7222222,1,black
260,557.5294118,0.90625,black
261,907.6388887,1,black
262,593.3857143,1,black
263,825.5710084,0.985714286,black
264,628.3235294,0.970588236,black
265,837.5142857,1,black
266,641.0857143,0.942857143,black
267,1086.089683,0.971428572,black
268,557.0138889,0.986111111,black
269,953.9571431,0.928571429,black
270,851.9575163,0.971405229,black
271,988.5000002,0.957142857,black
272,761.7019841,0.942857143,black
273,710.6149546,0.962438854,black
274,715.8936975,0.956722689,black
275,729.1617647,0.955882353,black
276,921.1294372,0.955411255,black
277,744.665404,0.958333334,black
278,904.3178572,0.93015873,black
279,703.8515873,0.985714286,black
280,795.3420635,1,black
281,775.246732,0.941993464,black
282,1271.632143,0.860714286,black
283,759.0995798,0.928151261,black
284,815.2571429,0.943253968,black
285,759.0580808,0.984848485,black
286,738.5719777,0.943396227,black
287,828.1176473,1,black
288,1111.142857,0.928571429,black
289,612.5592437,0.956302521,black
290,866.2037816,0.970588236,black
291,684.6616162,0.925505051,black
292,762.6809269,0.985294118,black
293,720.9297386,0.985294118,black
294,868.777778,0.972222222,black
295,857.3055555,1,black
296,817.2142857,0.957142857,black
298,859.6641414,1,black
299,776.5694445,0.944444445,black
300,730.2142857,0.985714286,black
301,642.5,0.955882353,black
302,608.374183,0.956699347,black
303,730.6701389,0.958333334,black
304,669.2007576,0.986111111,black
305,887.5285949,0.970588236,black
306,705.6805556,0.986111111,black
307,671.5841504,1,black
308,1140.44281,0.942810458,black
309,702.952381,0.985714286,black
310,886.4277778,0.971428572,black
312,738.4,0.928571429,black
313,836.4158497,0.970588236,black
314,783.6993464,1,black
315,858.8857142,0.942857143,black
316,724.2916667,0.916666667,black
317,561.7312092,0.971405229,black
318,1138.654762,0.985714286,black
319,787.3571429,0.885714286,black
320,834.1553031,1,black
321,927.3382356,0.941176471,black
322,692.7142857,1,black
323,950.3838386,0.972222222,black
324,763.0735295,0.897058824,black
325,822.0301588,0.958333334,black
326,707.3712121,0.96969697,black
327,633.1970588,0.985294118,black
328,1037.029832,0.956722689,black
329,733.3488562,0.944444445,black
330,716.9230159,0.930555556,black
331,625.8472223,0.958333333,black
332,653.3857143,0.985714286,black
333,642.9168068,1,black
334,986.5571429,0.985294118,black
335,604.7436975,0.927731093,black
336,683.1580087,0.985714286,black
337,735.6854575,1,black
338,1222.957143,0.957142857,black
339,608.6693278,0.971428572,black
340,579.3142857,0.971428572,black
341,743.1923077,0.980769231,black
342,607.6265873,0.915873016,black
343,698.5285715,0.985294118,black
344,926.9797619,0.928968254,black
345,728.2714647,0.986111111,black
346,615.7243698,0.985714286,black
347,580.25,0.916666667,black
348,806.2285715,0.985714286,black
349,761.5866014,0.985294118,black
350,881.9033614,1,black
351,793.5,0.985294118,black
352,969.3,0.971825397,black
353,699.4163866,0.942857143,black
354,554.3406863,0.985294118,black
355,1526.968955,1,black
356,815.3333334,0.928968254,black
357,907.6046217,1,black
358,653.3421717,0.954545455,black
359,807.8394958,0.985294118,black
360,760.1805556,0.944047619,black
361,759.9411765,1,black
362,843.9073594,0.971428572,black
363,758.3946079,0.970588236,black
364,967.5441176,0.985294118,black
365,718.2034314,0.887254902,black
366,814.4419935,1,black
367,970.586111,0.986111111,black
368,772.3472222,0.985294118,black
369,739.0428572,0.971428572,black
370,707.0511905,0.986111111,black
371,632.6388889,0.916666667,black
372,673.7857143,1,black
373,937.9539681,0.971428572,black
374,850.2499998,0.970588235,black
375,1071.410354,1,black
376,1160.527778,0.902777778,black
377,595.2207792,1,black
378,862.6428572,0.957142857,black
379,723.0452381,0.958333334,black
380,679.8714286,0.985714286,black
381,842.8857143,0.928571429,black
382,755.6617647,0.985294118,black
383,681.6416667,0.986111111,black
384,736.4,0.971428572,black
385,656.3912699,0.986111111,black
386,594.0284691,0.941553545,black
387,898.8962264,0.971698113,black
388,842.548077,0.961538462,black
389,883.5096297,0.913703704,black
390,635.3401669,0.942851959,black
391,819.4002177,0.943214804,black
392,791.4779874,0.93431167,black
393,717.8390314,0.981125356,black
394,594.5593682,0.970588236,black
395,730.7788462,0.952830189,black
396,630.2735849,0.91509434,black
397,749.0250754,0.960784314,black
398,584.2763802,0.916491964,black
399,647.6437909,0.972222222,black
401,766.2358491,0.962264151,black
402,581.509434,0.952830189,black
403,863.5573026,0.981306778,black
404,708.3714186,0.953354298,black
405,827.4660741,0.971335269,black
406,672.0466525,0.953703704,black
407,603.801743,0.94335512,black
408,820.8773583,0.952830189,black
410,703.1913208,1,black
411,758.6182337,0.914529915,black
412,613.2075472,0.980950653,black
413,918.5188678,0.924528302,black
414,1031.065312,0.962264151,black
415,722.0173881,0.961894192,black
416,678.0689257,0.989795919,black
417,1170.577467,0.981132076,black
418,853.0621943,0.990740741,black
419,842.1132076,0.980950653,black
420,938.0620195,0.990566038,black
421,581.7846908,0.960972851,black
422,764.4807693,0.961538462,black
423,959.2546297,0.971509972,black
424,622.8396227,0.990566038,black
425,762.3976241,0.971872816,black
426,807.9160015,0.913824383,black
427,695.3796296,0.916666667,black
428,687.258164,0.971335269,black
429,568.9284188,0.915598291,black
431,716.5290418,0.970588236,black
432,667.1929338,0.970588236,black
433,724.2055515,0.961719884,black
434,617.5092593,0.990566038,black
435,686.1818658,0.96278826,black
436,1039.542044,0.980392157,black
437,839.6823295,0.990566038,black
438,640.3333333,0.970588236,black
439,655.8207547,0.952830189,black
441,635.1157617,0.980769231,black
442,564.509434,0.91509434,black
443,616.3942308,0.981132076,black
444,1057.296646,0.933962264,black
445,821.6312635,0.980392157,black
446,800.754717,0.924528302,black
447,661.5227525,0.95209027,black
448,637.5898041,0.933780842,black
449,884.9580612,0.970588236,black
450,607.6153846,0.951923077,black
451,628.4369812,0.98,black
452,643.4732906,0.972222222,black
453,669,0.943396227,black
455,737.7786577,0.941365008,black
456,807.7078966,0.943745633,black
457,684.5185186,0.935185185,black
458,630.2530522,0.970588236,black
459,692.1407695,0.971328154,black
460,668.8325472,0.980769231,black
461,835.6156123,0.933592305,black
462,809.2959401,0.981481482,black
464,582.5584046,0.961894587,black
465,629.6256115,0.962613557,black
466,646.6246763,0.980762116,black
467,774.9319801,0.916310542,black
468,711.0596639,0.970588236,black
469,820.8018868,0.971698113,black
471,527.2264151,0.95,black
472,620.5228861,0.981132076,black
473,588.1960785,0.931372549,black
474,950.0528324,0.971132898,black
475,761.3674586,0.97096531,black
476,605.8208061,0.942810458,black
477,859.1346154,0.980769231,black
478,774.2010832,0.924703005,black
479,565.6781046,0.981481482,black
480,783.5283019,0.971698113,black
481,640.9945842,0.990740741,black
482,570.25127,0.981132076,black
483,857.5522876,0.911764706,black
484,681.3773585,0.990566038,black
1,735.6388889,0.944444445,blue
2,1021.722222,1,blue
3,766.2222223,1,blue
4,850.0277778,0.972222222,blue
5,863.2434641,1,blue
6,1087.470588,0.5,blue
7,1780.722222,1,blue
8,978.361111,0.944444445,blue
9,771.3888889,0.972222222,blue
10,970.6666668,0.805555556,blue
11,1665.400327,0.794117647,blue
12,718.1764706,1,blue
13,979.204044,1,blue
14,654.2708334,0.916666667,blue
15,906.9558824,0.944444445,blue
16,1082.235294,1,blue
17,612.9444445,0.972222222,blue
18,772.9183007,0.970588236,blue
19,788.1029412,0.83006536,blue
20,579.4444445,0.972222222,blue
21,1037.611111,0.972222222,blue
22,964.753268,1,blue
23,798.1111111,0.972222222,blue
24,1183.168301,1,blue
25,743.5996732,0.970588236,blue
26,1287.618056,0.96875,blue
27,755.1584968,0.91503268,blue
28,723.9444445,0.944444444,blue
29,1617.75,0.944444445,blue
30,843.8055556,0.972222222,blue
31,1037.133987,1,blue
32,1201.890523,0.942810458,blue
33,1238.264706,1,blue
34,1014.704861,0.96875,blue
35,896.5972222,0.972222222,blue
36,595.5849673,0.941176471,blue
37,940.3333334,1,blue
38,686.8333333,0.916666667,blue
39,693.3316994,0.972222222,blue
41,616.3888889,1,blue
42,737.1356209,0.916666667,blue
43,860.1013072,1,blue
44,1261.04085,0.913398693,blue
45,685.996732,0.916666667,blue
46,717.3457984,0.956722689,blue
47,645.5800654,0.972222222,blue
48,616.7944445,0.85,blue
49,744.877451,1,blue
50,867.4722223,1,blue
51,704.7075472,0.961719884,blue
52,734.7614379,0.970588236,blue
53,983.1062092,0.970588236,blue
54,796.4901961,1,blue
55,631.3285715,0.957142857,blue
56,860.25,1,blue
57,885.9444445,0.972222222,blue
58,905.8676471,0.913398693,blue
59,731.246732,0.942810458,blue
60,736.8039216,0.970588236,blue
61,590.4375,0.944444445,blue
62,717.4722223,0.972222222,blue
63,819.3126984,0.958333334,blue
64,580.1470588,1,blue
65,785.2352941,1,blue
66,598.715873,0.957936508,blue
67,832.4068628,1,blue
68,680.4166667,0.958333333,blue
69,581.34375,0.941176471,blue
70,737.1666667,1,blue
71,1476.622549,0.911764706,blue
72,1002.707516,0.970588236,blue
73,749.4,0.985714286,blue
74,961.6290849,0.972222222,blue
75,765.7287582,0.972222222,blue
76,820.2679739,0.972222222,blue
77,608.3263889,0.819444445,blue
78,886.1421569,0.944444445,blue
79,1214.542484,0.970588236,blue
80,643.4583333,0.972222222,blue
81,688.0490196,0.972222222,blue
82,553.0816994,0.972222222,blue
83,665.4583334,0.986111111,blue
84,949.1180555,0.138888889,blue
85,993.117647,1,blue
86,861.1111111,0.972222222,blue
87,1014.205883,0.970588236,blue
88,602.9876984,0.943253968,blue
89,807.2941177,0.970588236,blue
90,711.4330066,0.944444445,blue
91,624.6470589,0.823529412,blue
92,731.5424837,0.942810458,blue
93,526.8316994,0.970588236,blue
94,2280.359477,0.942810458,blue
96,999.3921571,1,blue
97,806.3643791,0.911764706,blue
98,543.4068628,0.944444445,blue
99,624.8316994,1,blue
100,914.2107842,0.885620915,blue
101,1148.427084,0.875,blue
102,795.9264706,0.970588236,blue
103,724.0833334,0.972222222,blue
104,843.6470588,0.882352941,blue
105,630.9297386,0.942810458,blue
106,539.5833334,0.861111111,blue
107,657.004902,0.972222222,blue
108,1597.169935,1,blue
109,691.3333333,1,blue
110,1015.805555,1,blue
111,769.9852941,0.972222222,blue
112,502.2352941,0.970588236,blue
113,1242.25,1,blue
114,914.9166667,0.944444444,blue
115,1510.00817,0.972222222,blue
116,784.2647059,0.970588236,blue
117,964.382353,1,blue
118,1215.30719,0.916666667,blue
119,754.7534722,0.972222222,blue
120,1390.418908,0.957142857,blue
121,1469.620915,0.911764706,blue
122,890.6176471,1,blue
123,999.3069855,0.96875,blue
124,681.2418301,0.942810458,blue
125,705.9591504,1,blue
126,823.4166667,1,blue
127,802.7843137,0.970588236,blue
128,1249.464052,0.941176471,blue
129,632.7777778,0.944444445,blue
130,871.0833334,0.944444445,blue
131,566.1388889,0.916666667,blue
132,875.2058826,0.970588236,blue
133,882.5261438,0.970588236,blue
134,779.9393383,0.876838236,blue
135,749.2238562,1,blue
136,1172.733661,0.805555556,blue
137,699.8944445,1,blue
138,811.2107843,1,blue
139,723.9705883,0.941176471,blue
140,621.5451389,1,blue
141,684.246732,0.91503268,blue
142,785.2352941,0.972222222,blue
144,705.8333333,0.916666667,blue
145,1115.503472,0.916666667,blue
146,785.3120915,0.970588236,blue
147,785.6176471,0.970588236,blue
148,829.03,0.970769231,blue
149,826.7534722,0.854166667,blue
150,848.4444445,0.972222222,blue
152,876.2222223,1,blue
153,861.2712419,1,blue
154,840.2777778,0.944444445,blue
155,990.8611112,0.888888889,blue
156,742.5375817,0.972222222,blue
157,897.9803924,1,blue
158,770.8611111,1,blue
159,1284.078431,0.972222222,blue
161,1663.334968,0.861111111,blue
162,1058.235294,0.823529412,blue
163,1018.318033,0.933236575,blue
165,1045.416667,1,blue
166,1736.666667,0.805555556,blue
167,527.1568628,0.944444445,blue
168,1116.444444,0.75,blue
169,1088.325163,1,blue
170,628.6944445,0.944444444,blue
171,750.625817,0.970588236,blue
172,981.4166665,0.944444445,blue
173,1158.647059,0.970588236,blue
174,681.4362746,0.972222222,blue
175,1425.566994,1,blue
176,913.5800654,0.972222222,blue
177,1076.111111,1,blue
178,763.9771242,1,blue
179,701.6666667,1,blue
180,814.3235294,1,blue
181,1091.694445,0.941176471,blue
182,701.8714286,0.985714286,blue
183,715.5716912,1,blue
184,485.5277778,1,blue
185,688.8088236,1,blue
186,576.3888889,1,blue
187,796.7712419,0.970588236,blue
188,742.9019608,1,blue
190,1035.117647,0.970588236,blue
191,1141.205882,0.970588236,blue
192,761.7222223,1,blue
193,884.3402778,1,blue
194,916.25,0.944444444,blue
195,826.8627451,0.970588236,blue
196,767.9133987,0.944444445,blue
197,658.7745098,0.913398693,blue
198,2542.700981,0.857843137,blue
199,632.0580066,0.972222222,blue
200,789.6437909,0.970588236,blue
201,771.5,1,blue
202,697.1830066,0.970588236,blue
203,707.129085,0.859477125,blue
204,873.6944445,0.916666667,blue
205,957.8055557,1,blue
206,1062.638889,0.944444444,blue
207,782.2647059,0.970588236,blue
208,1180.285948,0.941176471,blue
209,960.6176472,0.941176471,blue
210,725.7352942,1,blue
211,570.5571896,0.970588236,blue
212,857.4444445,0.944444445,blue
213,729.1663866,0.985714286,blue
214,2311.883987,0.942810458,blue
215,784.380719,1,blue
216,751.8611111,1,blue
217,1123.294192,0.914141414,blue
218,787.4836602,0.970588236,blue
219,950.0098039,0.883986928,blue
221,1032,0.970588236,blue
222,718.256536,1,blue
223,965.8714287,0.928571429,blue
224,1064.031046,0.970588236,blue
225,686.6666667,1,blue
226,639.3888889,0.916666667,blue
227,1074.763072,0.972222222,blue
228,641.6666667,1,blue
229,1393.155952,0.83015873,blue
230,1086.588235,0.882352941,blue
231,736.1944445,1,blue
232,679.375817,0.942810458,blue
233,1085.655229,0.972222222,blue
234,1943.125,1,blue
235,725,0.972222222,blue
236,1346.669935,0.856209151,blue
237,662.4236111,0.96875,blue
238,820.0555556,0.944444444,blue
239,584.129085,0.857843137,blue
240,904.4722223,0.972222222,blue
241,857.8611111,1,blue
242,596.6388889,1,blue
243,955.4705885,0.970588236,blue
244,721.3333334,0.972222222,blue
245,793.5142857,0.942857143,blue
247,1014.428105,0.944444445,blue
248,773.25,1,blue
249,1370.544118,1,blue
250,836.4869281,0.941176471,blue
251,1038.700981,1,blue
252,1141.583334,0.972222222,blue
253,695.2107843,1,blue
254,919.5277778,0.861111111,blue
255,803.8529412,0.941176471,blue
256,633.4738562,1,blue
257,714.4918301,0.970588236,blue
258,565.0277778,1,blue
259,588.3823529,1,blue
260,561.5555556,0.916666667,blue
261,894.4797795,1,blue
262,620.5734127,1,blue
263,844.6527778,0.986111111,blue
264,772.9526144,0.942810458,blue
265,938.5155847,1,blue
266,744.2857143,0.942857143,blue
267,985.9684874,0.971008403,blue
268,624.182684,0.941125541,blue
269,1001.519328,0.955882353,blue
270,930.997549,0.972222222,blue
271,1086.027778,1,blue
272,1102.408824,0.956722689,blue
273,707.5833334,0.971153846,blue
274,709.7674604,0.93015873,blue
275,789.5820707,0.941919192,blue
276,940.7054622,0.971008403,blue
277,747.1797619,0.916269841,blue
278,1073.237395,1,blue
279,750.5629085,0.986111111,blue
280,840.1662699,1,blue
281,828.9968254,0.971825397,blue
282,1412.157143,0.928571429,blue
283,782.6781046,0.928104575,blue
284,784.3496732,0.972222222,blue
285,747.7996032,0.971428572,blue
286,775.3608953,0.980392157,blue
287,923.2197713,1,blue
288,1132.657143,0.942857143,blue
289,649.5972222,0.957070707,blue
290,1038.612745,0.956699347,blue
291,758.0428572,0.929761905,blue
292,881.0373016,0.929761905,blue
293,796.0612746,1,blue
294,934.6033614,0.985294118,blue
295,922.7900792,0.985714286,blue
296,950.543254,0.985714286,blue
298,941.6361345,0.985714286,blue
299,830.3805195,0.955411255,blue
300,736.1630952,1,blue
301,643.0674604,0.971428572,blue
302,632.4630952,0.958333334,blue
303,684.4027778,0.972222222,blue
304,739.4584034,1,blue
305,939.9242066,1,blue
306,728.9229437,0.984848485,blue
307,768.3738095,1,blue
308,1274.785714,0.985714286,blue
309,769.3700981,1,blue
310,928.0452381,0.985714286,blue
312,703.2205883,0.897058824,blue
313,741.5796537,0.984848485,blue
314,758.2077206,1,blue
315,857.3972222,0.971428572,blue
316,830.3513072,0.95751634,blue
317,564.9549784,0.941125541,blue
318,1330.041597,1,blue
319,917.3012604,0.853781513,blue
320,896.1571429,0.985714286,blue
321,921.8138889,0.944444445,blue
322,674.0718955,0.986111111,blue
323,952.2940477,0.944047619,blue
324,764.7130952,0.944047619,blue
325,940.3542017,0.942016807,blue
326,758.4,0.957142857,blue
327,640.577381,1,blue
328,1013.312302,0.93015873,blue
329,759.2178572,0.985714286,blue
330,802.7083334,1,blue
331,584.2192514,0.984848485,blue
332,654.3588745,0.984848485,blue
333,669.0539683,1,blue
334,1110.37479,0.971008403,blue
335,581.8583334,0.986111111,blue
336,752.4194445,0.972222222,blue
337,784.8142858,0.985714286,blue
338,981.8968254,0.943253968,blue
339,573.2019841,0.914285715,blue
340,592.6857143,0.957142857,blue
341,688.7403846,0.980769231,blue
342,653.9912699,1,blue
343,766.168254,0.972222222,blue
344,796.0735294,0.941176471,blue
345,786.9665033,0.985294118,blue
346,563.4714286,0.942857143,blue
347,582.384804,0.956699347,blue
348,852.8718489,0.955882353,blue
349,751.2058824,1,blue
350,834.7940477,1,blue
351,791.4869048,0.986111111,blue
352,941.9448413,0.986111111,blue
353,653.8333334,1,blue
354,586.1895425,0.986111111,blue
355,1452.20754,1,blue
356,925.3905229,0.95751634,blue
357,1001.800794,1,blue
358,653.7663399,0.956699347,blue
359,842.4103175,0.986111111,blue
360,926.9109479,0.942810458,blue
361,803.1285714,0.971428572,blue
362,782.4420635,0.944047619,blue
363,705.4831169,0.985714286,blue
364,1085.938493,0.943253968,blue
365,771.2382353,0.971008403,blue
366,854.8583334,0.942857143,blue
367,1021.6,0.985714286,blue
368,720.2794118,0.970588235,blue
369,899.7365079,0.972222222,blue
370,803.8714286,0.957142857,blue
371,638.7757937,0.929365079,blue
372,674.5147059,0.985294118,blue
373,1136.482773,1,blue
374,910.3349207,0.944047619,blue
375,1019.414286,0.985714286,blue
376,1157.035931,0.96969697,blue
377,616.5718955,0.985294118,blue
378,822.2515873,0.972222222,blue
379,711.5,0.928571429,blue
380,707.3194445,0.986111111,blue
381,1045.267157,0.95751634,blue
382,858.8006536,0.942810458,blue
383,764.6491597,0.957142857,blue
384,779.3006536,0.95751634,blue
385,640.0277778,1,blue
386,649.9949336,0.943745633,blue
387,1047.276772,0.951168929,blue
388,848.0188679,0.990566038,blue
389,867.3773585,0.924528302,blue
390,653.9167592,0.941916389,blue
391,907.6796153,0.971328154,blue
392,930.55,0.922264151,blue
393,696.382353,0.950980393,blue
394,633.1872172,0.941742082,blue
395,805.2564103,0.943732194,blue
396,682.8530479,0.990566038,blue
397,844.9056604,0.971698113,blue
398,609.7567127,0.942851959,blue
399,664.360755,0.952635328,blue
401,748.3296646,0.981481482,blue
402,636.8969664,0.961524233,blue
403,858.3005919,0.961894192,blue
404,788.3801538,0.972047519,blue
405,870.270615,0.981481482,blue
406,683.6132076,0.981132076,blue
407,620.4807693,0.952991453,blue
408,878.6981132,0.943396227,blue
410,684.19302,1,blue
411,741.000555,0.980762116,blue
412,625.2720588,0.980392157,blue
413,1044.047134,0.970776773,blue
414,1029.015025,0.962264151,blue
415,739.0943396,0.971698113,blue
416,709.3223271,0.971872816,blue
417,1435.862509,0.981306778,blue
418,878.959993,0.990566038,blue
419,931.9964388,0.934472935,blue
420,1074.03232,0.981306778,blue
421,638.6023222,0.961538462,blue
422,777.4528302,0.943396226,blue
423,905.4634616,0.98,blue
424,628.5973585,0.951132076,blue
425,860.8637037,0.98,blue
426,899.3284905,0.933396227,blue
427,691.1828808,0.93193816,blue
428,759.8523966,0.990196079,blue
429,554.913643,0.942670537,blue
431,808.4259259,0.972222222,blue
432,662.3411681,0.990384616,blue
433,737.5804662,0.961154273,blue
434,642.2325079,1,blue
435,709.9807547,0.951698113,blue
436,948.19302,0.981125356,blue
437,802.697065,0.962613557,blue
438,753.9339623,0.943396226,blue
439,592.2519957,0.981132076,blue
441,695.7445842,0.990566038,blue
442,558.9902032,0.933236575,blue
443,687.9109015,0.953529001,blue
444,1141.093138,0.895424837,blue
445,806.7521787,0.962418301,blue
446,828.2788462,0.913461539,blue
447,687.1893781,0.990566038,blue
448,659.9615385,1,blue
449,1104.396682,0.990384616,blue
450,624.0673077,0.980769231,blue
451,643.0664488,1,blue
452,647.9095861,0.971132898,blue
453,672.1513533,0.952279202,blue
455,785.9750713,0.942663818,blue
456,884.5348148,0.942222222,blue
457,690.6703846,0.910384616,blue
458,638.1523411,0.981306778,blue
459,664.7671106,0.903440622,blue
460,659.311865,0.980950653,blue
461,770.6442308,0.961538462,blue
462,883.3991327,0.960972851,blue
464,677.1809117,0.971866097,blue
465,647.0520683,1,blue
466,647.2375139,0.980762116,blue
467,839.2481858,0.971516691,blue
468,750.9387255,1,blue
469,859.1792453,0.933962264,blue
471,556.6320755,0.933962264,blue
472,659.5596154,0.911923077,blue
473,643.5377359,0.962264151,blue
474,903.1153846,0.971153847,blue
475,782.9622642,0.962264151,blue
476,645.345542,0.970958195,blue
477,971.0497099,0.990384616,blue
478,691.6424529,0.912830189,blue
479,577.8653348,0.912874584,blue
480,783.6328012,0.933780842,blue
481,664.3942308,0.951923077,blue
482,561.0192308,0.933236575,blue
483,962.2777778,0.972222222,blue
484,732.2851959,0.980769231,blue
1,839.9738562,0.972222222,green
2,1299.552288,0.941176471,green
3,743.1470588,1,green
4,785.0451389,0.944444445,green
5,633.127451,0.91503268,green
6,1300.916667,0.555555556,green
7,1561,0.972222222,green
8,1067.604575,1,green
9,740.4705883,0.970588236,green
10,1073.3125,0.972222222,green
11,1876.705883,0.764705883,green
12,659.0555556,1,green
13,843.7222222,1,green
14,683.2222223,0.916666667,green
15,823.1764706,0.882352942,green
16,850.0833334,1,green
17,631.4411765,0.941176471,green
18,785.6503268,1,green
19,893.0833333,0.944444445,green
20,618.6650327,1,green
21,903.4166667,0.972222222,green
22,983.0669935,1,green
23,731.1421569,1,green
24,978.9019607,1,green
25,732.2693278,0.985294118,green
26,1341.777778,0.944444445,green
27,747.3333334,0.972222222,green
28,617.3986928,1,green
29,1680.120915,0.942810458,green
30,972.5659722,0.9375,green
31,1012.044118,0.972222222,green
32,1391.071896,1,green
33,1134.707516,0.970588236,green
34,943.6111114,0.888888889,green
35,763.1535948,0.916666667,green
36,648.882353,1,green
37,1050.727125,1,green
38,666,0.972222222,green
39,630.1437909,0.913398693,green
41,657.882353,0.970588236,green
42,816.9705883,0.972222222,green
43,917.6354167,0.96875,green
44,1286.555556,0.805555556,green
45,707.0555556,0.888888889,green
46,738.3369748,0.970588236,green
47,675.5277778,0.861111111,green
48,609.3888889,0.722222222,green
49,836.6194853,0.96875,green
50,795.9705883,1,green
51,725.3361756,0.952285922,green
52,780.0718955,1,green
53,1053.989584,0.881944445,green
54,897.9375,1,green
55,643.3142857,0.971428571,green
56,1076.795751,1,green
57,961.3496732,1,green
58,734.75,0.972222222,green
59,724.4166667,0.916666667,green
60,600.0833333,1,green
61,601.9428105,0.883986928,green
62,619.4444445,1,green
63,719.1363637,0.970562771,green
64,619.8055556,0.972222222,green
65,860.7287582,0.91503268,green
66,640.5504202,1,green
67,836.8104575,0.972222222,green
68,788.3946079,0.928104575,green
69,627.9918301,0.913398693,green
70,698.8055556,0.944444444,green
71,1512.289216,1,green
72,899.8611111,0.972222222,green
73,749.2651261,0.956722689,green
74,993.0669934,0.942810458,green
75,706.2152778,1,green
76,868.2352941,1,green
77,701.7450981,0.885620915,green
78,828.5179739,1,green
79,1298.527778,0.972222222,green
80,686.1881313,0.955808081,green
81,695.2222223,0.972222222,green
82,613.1470589,0.970588236,green
83,640.1037582,0.972222222,green
84,732.0866014,0.166666667,green
85,980.1797386,1,green
86,831.1176471,0.941176471,green
87,1096.027778,0.972222222,green
88,574.5084034,0.971008403,green
89,850.9166667,0.916666667,green
90,627.7810458,0.941176471,green
91,596.251634,0.91503268,green
92,709.2009804,0.944444445,green
93,573.2810458,0.970588236,green
94,1545.493056,0.909722222,green
96,929.25,0.972222222,green
97,974.40625,0.96875,green
98,546.5833334,0.944444444,green
99,604.8267974,0.944444445,green
100,731.8020834,0.972222222,green
101,952.2222222,0.972222222,green
102,840.5588236,0.970588236,green
103,693.5,0.911764706,green
104,880.3496732,0.941176471,green
105,665.3055556,0.916666667,green
106,489.0277778,0.833333334,green
107,720.7777778,1,green
108,1533.264706,0.970588236,green
109,704.4068628,0.913398693,green
110,1196.01103,1,green
111,745.7777778,0.972222222,green
112,540.1666667,1,green
113,1287.588236,0.941176471,green
114,934.6764704,0.941176471,green
115,1696.473857,0.970588236,green
116,878.0392157,1,green
117,895.1862746,0.972222222,green
118,984.4754902,0.911764706,green
119,720.0686275,0.970588236,green
120,1123.340477,1,green
121,1531.194445,0.944444445,green
122,837.3055556,0.972222222,green
123,1223.166667,0.944444444,green
124,706.6601308,0.970588236,green
125,683.8496732,1,green
126,746.6633987,1,green
127,1039.305555,0.944444444,green
128,1283.514706,1,green
129,577.0347222,0.878472222,green
130,864.1840278,0.9375,green
131,569.8923611,0.972222222,green
132,869.5833334,1,green
133,982.3267975,0.942810458,green
134,790.8888889,1,green
135,792.0277778,1,green
136,1450.027778,0.857638889,green
137,733.5,0.972222222,green
138,792.7140523,0.887254902,green
139,644.3888889,0.972222222,green
140,643.2777778,0.944444445,green
141,687.7352942,0.941176471,green
142,793.7941177,0.941176471,green
144,674.9101308,0.887254902,green
145,1128.581699,1,green
146,774.7908497,1,green
147,769.8611111,0.944444445,green
148,918.7416143,0.943570929,green
149,723.1666667,0.916666667,green
150,852.7777778,0.972222222,green
152,927.951389,1,green
153,970.7647059,0.970588236,green
154,755.8055556,0.944444444,green
155,1196.151961,0.91503268,green
156,699.1862746,1,green
157,1027.794118,1,green
158,707.8578431,1,green
159,1381.017974,0.857843137,green
161,1402.609477,0.852941177,green
162,1184.464052,0.944444445,green
163,995.845,0.970384616,green
165,1023.559028,1,green
166,1771.384191,0.852941177,green
167,613.2222222,0.972222222,green
168,1058.117647,0.705882353,green
169,1163.34804,0.887254902,green
170,627.7189543,1,green
171,788.3398693,0.970588236,green
172,964.3055554,1,green
173,1174.826797,0.941176471,green
174,756.1111111,0.972222222,green
175,1344.558824,1,green
176,854.147059,0.941176471,green
177,814.3137255,1,green
178,820.6666667,1,green
179,711.6486928,0.970588236,green
180,842.4035948,0.970588236,green
181,829.3333334,0.944444445,green
182,660.7335859,1,green
183,686.8888889,0.888888889,green
184,542.0277778,0.972222222,green
185,696.4117647,0.970588236,green
186,731.0882353,0.970588236,green
187,878.8529412,0.970588236,green
188,681.1388889,0.944444445,green
190,1179.861111,0.944444445,green
191,1335.944445,0.972222222,green
192,862.7916667,0.909722222,green
193,886.7287582,1,green
194,862.5849673,0.970588236,green
195,768.5539216,0.970588236,green
196,719.9852941,0.970588236,green
197,707.1732026,0.91503268,green
198,1996.485294,0.970588236,green
199,628.1059524,0.944047619,green
200,775.3823529,0.970588236,green
201,783.5408497,1,green
202,789.3333334,0.944444445,green
203,822.1944445,0.833333333,green
204,844.8888889,0.942810458,green
205,983.3722223,1,green
206,1162.496732,0.944444445,green
207,802.3186275,1,green
208,1743.52451,0.883986928,green
209,1036.5,0.883986928,green
210,733.3022876,0.944444445,green
211,564.0931373,0.942810458,green
212,802.6111111,0.944444445,green
213,746.7142858,0.985714286,green
214,2553.852942,0.941176471,green
215,787.4722222,1,green
216,673.2990196,1,green
217,870.0400327,0.900326798,green
218,823.6388889,1,green
219,866.8039216,0.972222222,green
221,1140.305556,0.972222222,green
222,645.0980393,0.970588236,green
223,1081.485715,0.985714286,green
224,1242.883987,0.970588236,green
225,604.8660131,1,green
226,602.9705883,0.970588236,green
227,1040.902778,0.96875,green
228,673.7908497,1,green
229,1196.125817,0.871732026,green
230,1012.158497,0.833333334,green
231,607.6830066,1,green
232,756.2581699,0.911764706,green
233,1325.111111,1,green
234,1806.333333,0.916666667,green
235,750.2091504,1,green
236,1571.277778,0.833333333,green
237,786.9722223,1,green
238,960.2450979,0.885620915,green
239,684.4444445,0.694444445,green
240,770.3235295,0.852941177,green
241,1039.349673,1,green
242,586.5882353,1,green
243,855.4330066,0.942810458,green
244,797.0294118,1,green
245,854,0.985714286,green
247,1154.666667,0.972222222,green
248,715.6797386,0.970588236,green
249,1291.776144,0.916666667,green
250,1046,1,green
251,979.9591504,0.972222222,green
252,991.9068629,0.944444445,green
253,681.5539216,0.972222222,green
254,759.0294118,0.970588236,green
255,745.6111112,0.944444445,green
256,726.0105042,1,green
257,750.9930556,0.972222222,green
258,545.5228758,0.885620915,green
259,617.3872549,0.887254902,green
260,548.9722222,0.944444444,green
261,952.8333334,1,green
262,647.6176471,0.970588235,green
263,819.6029412,0.985294118,green
264,776.5506536,1,green
265,984.8055557,0.986111111,green
266,617.140873,0.915873016,green
267,1020.436274,0.941993464,green
268,624.6571429,0.914285714,green
269,1005.442857,0.914285714,green
270,1063.079249,0.985294118,green
271,1004.78125,0.96875,green
272,976.9,0.957142857,green
273,759.1926639,0.981125356,green
274,742.8865079,0.873015873,green
275,742.6503268,0.985294118,green
276,942.6607143,0.985714286,green
277,744.5,0.9,green
278,1006.263866,0.91302521,green
279,796.0874183,0.971405229,green
280,792.6201681,1,green
281,767.2126984,0.985714286,green
282,1386.780229,0.841503268,green
283,809.9138889,0.858333334,green
284,816.8680556,0.96875,green
285,736.7642857,1,green
286,725.3092006,0.961349925,green
287,896.5638889,1,green
288,1203.002521,0.971428572,green
289,680.75,0.986111111,green
290,1020.314286,0.955882353,green
291,726.3571429,0.942857143,green
292,1061.475397,0.957539683,green
293,781.7924837,0.970588236,green
294,951.1764706,0.985294118,green
295,776.239916,0.985714286,green
296,910.4581106,0.955436721,green
298,948.5615077,1,green
299,788.8952021,0.986111111,green
300,786.1210318,1,green
301,618.0612746,0.944444445,green
302,651.1470588,0.970588235,green
303,675.9849207,0.971428572,green
304,695.4769841,0.986111111,green
305,935.3571429,0.914285715,green
306,734.0858586,1,green
307,829.6216451,0.984848485,green
308,1288.028572,0.985714286,green
309,754.7928572,0.971428572,green
310,900.4571429,0.94025974,green
312,643.9861111,0.958333333,green
313,891.4567461,0.943650794,green
314,765.5555556,0.972222222,green
315,875.3055556,0.986111111,green
316,811.8008403,0.956302521,green
317,640.254902,0.985294118,green
318,1193.39832,1,green
319,770.6102941,0.800653595,green
320,919.5626984,0.985714286,green
321,854.2083334,0.944444445,green
322,732.8297619,0.943253968,green
323,998.9428102,0.971405229,green
324,699.4158497,0.915849673,green
325,985.3648991,0.986111111,green
326,809.6257937,0.985714286,green
327,634.9912699,0.986111111,green
328,1047.373737,0.970959596,green
329,729.6546219,0.971428572,green
330,749.1428572,0.942016807,green
331,588.6013072,0.956699347,green
332,710.2968254,0.986111111,green
333,720.1428572,0.985714286,green
334,1013.982143,0.971428572,green
335,590.1388889,0.972222222,green
336,726.5595238,0.986111111,green
337,751.4884921,0.943650794,green
338,1016.585715,0.914285715,green
339,628.8420635,0.930555556,green
340,585.8496732,0.972222222,green
341,714.1240392,0.953179595,green
342,621.6601308,0.986111111,green
343,875.8371212,0.912878788,green
344,914.8111111,1,green
345,782.0904762,1,green
346,658,0.972222222,green
347,611.1504202,0.956302521,green
348,827.5384921,0.972222222,green
349,820.9722222,1,green
350,861.3897059,1,green
351,793.9166667,1,green
352,1051.663637,0.970562771,green
353,736.5555556,1,green
354,584.7001634,0.986111111,green
355,1694.212054,1,green
356,939.169192,0.957070707,green
357,943.0058824,1,green
358,703.8142857,0.971428571,green
359,808.4285714,0.971428571,green
360,870.6146826,0.943650794,green
361,776.4411765,0.985294118,green
362,978.8285715,0.957142857,green
363,753.6555556,0.971428572,green
364,1209.140873,0.972222222,green
365,756.2087302,0.986111111,green
366,981.4966387,0.956302521,green
367,1047.926471,1,green
368,747.8472223,1,green
369,897.4686508,0.972222222,green
370,833.1003968,0.943650794,green
371,645.1714286,0.857142857,green
372,774.8428572,0.942857143,green
373,971.1907561,0.985714286,green
374,958.4873015,0.985714286,green
375,1010.138889,0.986111111,green
376,1150.430556,0.958333333,green
377,633.0416667,0.958333333,green
378,917.7418301,0.928921569,green
379,755.8407563,0.942016807,green
380,690.8088235,0.985294118,green
381,933.343254,0.957936508,green
382,827.4968254,0.928968254,green
383,723.7867647,0.985294118,green
384,760.2170635,0.972222222,green
385,714.5775401,0.925579323,green
386,636.5862006,0.941916389,green
387,1110.077105,0.962082729,green
388,877.0832076,0.98,green
389,818.3198477,0.904753266,green
390,639.773585,0.943396226,green
391,990.200703,0.951350351,green
392,836.7168804,0.924145299,green
393,726.462963,0.944444444,green
394,646.9339623,0.943396226,green
395,826.6249056,0.923091459,green
396,685.8773585,0.924528302,green
397,829.2269594,0.952648767,green
398,663.7850679,0.922322775,green
399,750.3336357,0.952104499,green
401,798.115,0.950769231,green
402,624.3679246,0.933962264,green
403,928.821299,0.923802613,green
404,886.6862746,0.960784314,green
405,866.2004148,0.980392157,green
406,678.5865385,0.980769231,green
407,641.5749275,0.923984035,green
408,950.5424529,0.923962264,green
410,705,0.981132076,green
411,818.7966525,0.924501425,green
412,612.9558002,0.962962963,green
413,1048.644336,0.903594771,green
414,1089.546807,0.943033382,green
415,727.4600302,0.971153846,green
416,769.7742165,0.971866097,green
417,1357.81427,0.980936819,green
418,889.3007693,1,green
419,983.9893163,0.943732194,green
420,980.8365384,0.971153846,green
421,633.9166667,0.935185185,green
422,837.6698113,0.896226415,green
423,917.9245283,0.981132075,green
424,652.7561969,0.903810581,green
425,755.5080363,0.953179595,green
426,825.6380624,0.933055153,green
427,721.4379085,0.972222222,green
428,772.3744558,0.971335269,green
429,603.227208,0.925213676,green
431,781.7022222,0.970740741,green
432,691.2075472,0.981132075,green
433,702.8197168,0.972222222,green
434,659.9818309,0.990566038,green
435,804.5397315,0.980950653,green
436,1038.551282,0.981481482,green
437,922.8392308,0.99,green
438,692,0.905660377,green
439,647.8503266,0.961901307,green
441,641.1502177,1,green
442,557.0184766,0.864253394,green
443,716.0490196,0.962264151,green
444,1107.557359,0.902830189,green
445,1017.00926,0.92485755,green
446,950.0319302,0.942670537,green
447,693.2924529,0.990566038,green
448,633.7118736,0.971132898,green
449,968.0925924,0.962962963,green
450,623.1783718,0.943920335,green
451,614.5664006,0.971516691,green
452,745.1111111,0.970740741,green
453,697.1472474,0.902903469,green
455,777.4607843,0.960784314,green
456,907.5103277,0.924145299,green
457,716.5288462,0.865384616,green
458,648.3427602,0.980580694,green
459,700.8148148,0.972222222,green
460,699.2412918,1,green
461,797.6217344,0.933055153,green
462,947.8853277,0.943019943,green
464,638.5250754,0.980580694,green
465,690.1481132,0.961698113,green
466,652.5854701,0.943732194,green
467,858.6436059,0.962613557,green
468,764.1478992,1,green
469,808.8376923,0.941923077,green
471,573.8773585,0.943396227,green
472,659.8012821,0.962962963,green
473,610.2051282,0.981125356,green
474,899.7795719,0.952648767,green
475,845.3981482,0.916666667,green
476,670.880719,0.962418301,green
477,869.5106838,0.990384616,green
478,762.9786953,0.932315234,green
479,600.6320755,0.933962264,green
480,827.6762821,0.944088319,green
481,679.6153846,0.932692308,green
482,584.927488,0.961524233,green
483,916.7152778,0.885416667,green
484,694.7954125,0.942286349,green
1,721.5441177,1,red
2,1545.102941,0.944444445,red
3,697.8235294,0.970588236,red
4,768.0898693,0.970588236,red
5,670.0882353,0.941176471,red
6,1286.444445,0.527777778,red
7,1330.764706,1,red
8,1051.264706,1,red
9,708.0555556,0.972222222,red
10,966.5555556,0.941176471,red
11,1633.934641,0.861111111,red
12,743.4705883,1,red
13,904.2140523,1,red
14,647.1666667,0.972222222,red
15,859.3055556,0.972222222,red
16,973.8333332,0.972222222,red
17,568.0555556,0.944444445,red
18,751.8954249,0.972222222,red
19,768.1454249,1,red
20,632.2222222,0.972222222,red
21,963.3958334,0.944444445,red
22,983.0408496,0.970588236,red
23,689.0294118,0.941176471,red
24,1000.227124,1,red
25,712.5138889,0.944444445,red
26,1165.277778,0.972222222,red
27,761.0196079,0.972222222,red
28,525.5653595,0.970588236,red
29,1756.5,1,red
30,1017.122549,0.942810458,red
31,721.5915033,0.859477125,red
32,1154.776144,0.972222222,red
33,1033.367647,0.972222222,red
34,947.2303923,0.887254902,red
35,781.9869281,0.972222222,red
36,614.5,1,red
37,939.611111,1,red
38,723.8643791,1,red
39,723.882353,1,red
41,634.2058824,1,red
42,678.4689543,0.972222222,red
43,907.2026146,0.942810458,red
44,1004.403595,0.802287582,red
45,681.8316994,0.913398693,red
46,722.9123016,0.986111111,red
47,641.4722223,0.944444444,red
48,643.6111111,0.722222223,red
49,871.2222222,0.972222222,red
50,826.1909722,0.96875,red
51,656.3492313,0.972047519,red
52,745.9035948,0.972222222,red
53,884.1715687,0.941176471,red
54,862.1764706,0.972222222,red
55,636.3452381,0.915079365,red
56,869.3333334,1,red
57,957.2173203,1,red
58,812.2990196,0.970588236,red
59,817.4444445,0.972222222,red
60,608.0243056,0.850694445,red
61,640.5833334,0.944444445,red
62,1096.068015,0.9375,red
63,739.1765873,0.957936508,red
64,592.1006945,0.96875,red
65,806.2222222,0.972222222,red
66,631.0277778,1,red
67,810.6388889,0.944444445,red
68,751.2623377,0.955411255,red
69,580.8333334,1,red
70,752.5996732,0.883986928,red
71,1328.676471,0.970588236,red
72,1093.416667,0.944444445,red
73,713.7916667,1,red
74,827.1764706,1,red
75,652.5424837,0.970588236,red
76,843.759804,0.970588236,red
77,591.3611111,0.888888889,red
78,761.25,1,red
79,1111.501634,1,red
80,650.5202381,0.957936508,red
81,667.8529412,0.970588236,red
82,594.9722223,0.972222222,red
83,698.0260504,0.985294118,red
84,595.0833334,0.138888889,red
85,865.6176471,1,red
86,836.4199347,1,red
87,855.3316993,0.972222222,red
88,565.2878151,0.985294118,red
89,699.3529412,0.941176471,red
90,764.8888889,0.944444444,red
91,593.5277778,0.972222222,red
92,692.3333333,0.916666667,red
93,583.5882353,0.941176471,red
94,1522.498366,0.972222222,red
96,904.4967321,1,red
97,928.1666667,0.861111111,red
98,589.8529412,0.882352941,red
99,594.8333333,0.888888889,red
100,820.3611112,0.916666667,red
101,966.0310456,0.828431373,red
102,811.3333334,0.972222222,red
103,694.877451,0.944444445,red
104,927.8071898,0.942810458,red
105,599.6633987,0.942810458,red
106,502.9411765,0.882352942,red
107,902.75,0.944444445,red
108,1637.263072,1,red
109,876.0882351,0.970588236,red
110,1006.916667,0.916666667,red
111,680.4852941,0.970588236,red
112,540,0.970588236,red
113,1029.98366,1,red
114,761.0539216,0.911764706,red
115,1552.388889,0.972222222,red
116,591.3104575,0.972222222,red
117,897.7630721,1,red
118,1071.583334,0.916666667,red
119,646,1,red
120,981.5142855,0.928968254,red
121,1750.739584,1,red
122,821.8562092,1,red
123,872.8888887,0.972222222,red
124,668.2369281,1,red
125,723.1388889,0.944444444,red
126,722.5277778,0.972222222,red
127,753.7058824,1,red
128,1333.277778,0.972222222,red
129,597.8986928,0.972222222,red
130,950.8611112,0.972222222,red
131,595.7941176,0.941176471,red
132,878.6486928,1,red
133,864.8986928,1,red
134,756.5555556,1,red
135,799.2941177,1,red
136,1276.151961,0.823529412,red
137,684.7777778,0.972222222,red
138,777.1944445,0.916666667,red
139,712.0451389,0.96875,red
140,527.6111112,0.972222222,red
141,619.6470588,0.91503268,red
142,650.5555556,0.944444445,red
144,646.9444445,0.970588236,red
145,996.6486926,0.944444445,red
146,972.0882355,0.970588236,red
147,762.5555556,1,red
148,873.2169812,0.990566038,red
149,787.3368056,0.972222222,red
150,779.0034722,0.96875,red
152,856.1944445,0.970588236,red
153,791.3055556,0.944444444,red
154,765.882353,1,red
155,1247.372223,0.905555556,red
156,659.4444445,1,red
157,969.6388888,1,red
158,810.5522876,0.91503268,red
159,1148.254902,0.942810458,red
161,1475.053922,0.942810458,red
162,780.5277778,0.861111111,red
163,930.1415095,0.952830189,red
165,779.6111111,1,red
166,2058.25,0.833333334,red
167,617.7518383,1,red
168,850.7647058,0.647058824,red
169,1159.305556,1,red
170,603.1875,0.888888889,red
171,725.4236111,0.972222222,red
172,1094.470589,1,red
173,1341.777778,0.805555556,red
174,694.46875,0.940972222,red
175,1221.416667,0.972222222,red
176,924.0277778,0.861111111,red
177,803.3611111,0.972222222,red
178,708.3402778,1,red
179,685.1666667,0.972222222,red
180,822.1666667,1,red
181,970.1111113,1,red
182,655.7142857,1,red
183,719.004902,1,red
184,536.0424837,0.913398693,red
185,652.0522876,0.972222222,red
186,651,0.944444444,red
187,800.2058824,1,red
188,655.9705883,0.970588236,red
190,894.3921571,0.944444445,red
191,1061.01634,0.941176471,red
192,780.7647059,0.970588236,red
193,899.1797386,1,red
194,702.4346405,0.91503268,red
195,776.5,0.96875,red
196,806.0147059,1,red
197,663.4379085,0.970588236,red
198,2784.382353,0.911764706,red
199,596.2242064,0.859920635,red
200,760.1830066,1,red
201,745.5114379,1,red
202,757.1470588,0.852941177,red
203,661.2022059,0.941176471,red
204,933.0833334,0.944444445,red
205,954.9526143,0.944444445,red
206,948.9101308,1,red
207,822.1388889,0.972222222,red
208,1396.584968,0.861111111,red
209,1036.166667,0.972222222,red
210,671.9444445,1,red
211,551.5196079,0.941176471,red
212,726.3923611,0.913194445,red
213,708.2428572,0.900793651,red
214,2006.472223,0.888888889,red
215,701.6764706,0.970588236,red
216,728.2794118,0.970588236,red
217,800.4662699,0.944444445,red
218,720,1,red
219,1051.382353,0.970588236,red
221,882.0588235,1,red
222,609.8055556,1,red
223,922.7546217,0.955882353,red
224,1033.951389,1,red
225,529.4428105,1,red
226,662.8022876,1,red
227,878.1944444,0.972222222,red
228,650.9270834,1,red
229,925.7827731,0.884453782,red
230,1228.277778,0.916666667,red
231,776.4411765,1,red
232,724.254902,1,red
233,1151.584968,0.970588236,red
234,1676.114379,0.941176471,red
235,648.5588236,1,red
236,1987.926471,0.849264706,red
237,779.6519608,0.970588236,red
238,919.7075162,0.944444445,red
239,604.4705883,0.764705883,red
240,801.704861,0.888888889,red
241,877.147059,1,red
242,549.8055556,1,red
243,882.75,0.972222222,red
244,772.3839869,1,red
245,730.1845238,0.942857143,red
247,1062.434028,0.9375,red
248,707.6470588,1,red
249,1087.239584,0.940972222,red
250,976.4722224,0.938888889,red
251,986.871528,0.96875,red
252,1172.03125,0.96875,red
253,652.0277778,0.972222222,red
254,898.40625,0.940972222,red
255,672.9444444,0.916666667,red
256,653.2857143,1,red
257,776.6111111,0.944444444,red
258,588.4084968,1,red
259,586.1650327,0.970588236,red
260,506.9836602,0.916666667,red
261,859.4444446,1,red
262,628.9833334,0.971825397,red
263,1609.131349,1,red
264,723.9607843,1,red
265,978.4285714,0.942857143,red
266,687.9932774,0.956722689,red
267,1015.1,0.914285714,red
268,660.0718955,0.927287582,red
269,1054.924206,0.957142857,red
270,976.7540851,0.956699347,red
271,1062.086905,0.942857143,red
272,1013.357143,0.942857143,red
273,745.2307693,0.961538462,red
274,710.9953782,0.89789916,red
275,752.8194445,0.958333333,red
276,905.2916667,0.944444445,red
277,718.9313726,0.888071896,red
278,1204.355556,1,red
279,749.0596639,0.985714286,red
280,766.4256303,1,red
281,765,0.970588235,red
282,1416.363445,0.869327731,red
283,811.9,0.957142857,red
284,822.9202381,0.943253968,red
285,756.8151261,1,red
286,787.4871795,0.952635328,red
287,845.3484127,1,red
288,1035.170635,0.915079365,red
289,662.7753268,0.929738562,red
290,904.1805556,0.986111111,red
291,693.1,0.971428572,red
292,828.2686508,0.971825397,red
293,828.8714286,0.971428571,red
294,880.1226191,0.957539683,red
295,828.2054622,1,red
296,968.5416667,0.958333334,red
298,789.7464286,1,red
299,891.2801588,0.986111111,red
300,727.5471862,0.985714286,red
301,643.3587302,0.986111111,red
302,639.6027778,1,red
303,676.8480393,0.971405229,red
304,669.4924604,0.985714286,red
305,920.7100842,0.985294118,red
306,753.6821429,1,red
307,778.7702381,0.985714286,red
308,1183.471429,0.971428571,red
309,746.1764706,0.985294118,red
310,893.8714286,0.985714286,red
312,646.8285715,0.971428572,red
313,844.1805556,1,red
314,794.5833333,0.972222222,red
315,877.9526786,0.970089286,red
316,804.152521,0.927310925,red
317,571.3333334,0.986111111,red
318,1281.859127,1,red
319,855.3936508,0.831349207,red
320,928.5580067,0.985294118,red
321,936.0987394,0.928571429,red
322,752.0831933,0.985294118,red
323,977.0702616,0.972222222,red
324,734.2460318,0.971825397,red
325,1021.199603,0.986111111,red
326,719.1707516,0.972222222,red
327,631.2554622,1,red
328,1103.439683,0.944047619,red
329,764.6078431,0.985294118,red
330,738.5441177,0.985294118,red
331,595.3476191,0.971428572,red
332,724.8428572,0.986111111,red
333,626.2428572,0.985714286,red
334,949.7043649,1,red
335,580.8235295,0.955882353,red
336,673.0714286,0.957142857,red
337,747.4420168,0.970588236,red
338,1139.218908,0.899579832,red
339,577.3567227,0.898319328,red
340,569.2155462,0.957142857,red
341,675.4764151,0.990566038,red
342,654.787013,0.956277057,red
343,723.1880952,0.971428572,red
344,882.0142857,0.957142857,red
345,803.2571429,1,red
346,621.4869748,1,red
347,560.9037815,0.971008403,red
348,801.4795752,0.972222222,red
349,823.5714286,0.971428571,red
350,971.3571427,0.985714286,red
351,793.2857143,0.985714286,red
352,991.3423201,1,red
353,705.667558,0.985294118,red
354,605.9370915,0.972222222,red
355,1398.666667,1,red
356,837.7571429,0.971428572,red
357,929.170635,1,red
358,651.7936508,0.986111111,red
359,875.6,0.971428571,red
360,861.0147059,0.941176471,red
361,788.2162699,0.972222222,red
362,839.3305556,0.957936508,red
363,731.1626984,0.942857143,red
364,1447.767974,1,red
365,749.7428572,0.957142857,red
366,958.5714285,0.957142857,red
367,987.3888889,1,red
368,820.7,0.971428572,red
369,746.2058824,0.941176471,red
370,809.1995671,0.954545455,red
371,624.6800357,0.866755793,red
372,760.6805556,1,red
373,969.7210318,0.957539683,red
374,926.3839869,0.929738562,red
375,1027.938132,1,red
376,1157.296104,0.984848485,red
377,681.0285714,0.985714286,red
378,861.5637255,0.941993464,red
379,766.2857143,0.914285714,red
380,714.3398693,0.986111111,red
381,936.5033616,0.899579832,red
382,733.2349207,1,red
383,717.5882353,0.970588236,red
384,681.9214286,1,red
385,640.3857143,0.957142857,red
386,630.8113208,0.943396226,red
387,985.9501423,0.990384616,red
388,896.6497205,0.990566038,red
389,863.9769594,0.905297533,red
390,621.3811684,0.904390421,red
391,981.0856045,0.972222222,red
392,865.9015908,0.951350351,red
393,742.7692308,0.990384616,red
394,604.8679246,0.952830189,red
395,729.8782051,0.953347579,red
396,645.4160378,0.904528302,red
397,782.2920228,0.981125356,red
398,572.1949891,0.962418301,red
399,678.1248613,0.961524233,red
401,738.7728592,0.942851959,red
402,629.6890492,0.960784314,red
403,828.0429153,0.971698113,red
404,725.8629301,0.971328154,red
405,840.5795207,0.962418301,red
406,677.1057693,0.942307693,red
407,642.8531262,0.941916389,red
408,858.7761439,0.925925926,red
410,714.8703704,1,red
411,681.7162412,0.981132076,red
412,636.0039913,0.952285922,red
413,1034.603989,0.935185185,red
414,952.2254902,0.980580694,red
415,738.7426625,0.944444445,red
416,710.6387881,0.971335269,red
417,1216.922642,0.98,red
418,874.9900111,1,red
419,817.0980392,0.960784314,red
420,1000.333462,0.99,red
421,611.375,0.932692308,red
422,689.3063263,0.961894192,red
423,1007.169872,0.961894587,red
424,658.120021,0.906708596,red
425,843.4142308,0.950384616,red
426,796.817086,0.91509434,red
427,669.5323715,0.941916389,red
428,792.2017417,0.990384616,red
429,589.5743396,0.97,red
431,792.2550869,0.990566038,red
432,666.4711539,0.980769231,red
433,652.245283,0.971698113,red
434,626.0538825,1,red
435,783.3993106,0.952467344,red
436,946.3632076,0.961719884,red
437,910.8584906,0.990566038,red
438,658.5849057,0.952830189,red
439,648.9038462,0.990384616,red
441,711.3405298,0.990566038,red
442,584.1603774,0.905660378,red
443,672.0079541,0.943026267,red
444,1184.889978,0.934640523,red
445,952.8749999,0.971153846,red
446,858.1955733,0.952467344,red
447,683.4747361,0.961349925,red
448,681.368274,0.953354298,red
449,970.6566667,0.97,red
450,647.5818215,0.961901307,red
451,657.3226765,0.981306778,red
452,655.9085632,0.923984035,red
453,703.5980392,0.915577342,red
455,783.1740042,0.962438854,red
456,899.4262264,0.98,red
457,703.4775641,0.887108262,red
458,651.9905661,0.990566038,red
459,697.8166852,0.912504625,red
460,676.6268143,0.990566038,red
461,817.3095738,0.962438854,red
462,940.5957911,0.971516691,red
464,591.4125544,0.942851959,red
465,617.4602685,0.923984035,red
466,679.5156695,0.952635328,red
467,878.382353,0.950980392,red
468,747.3472223,0.972222222,red
469,806.3490566,0.971698113,red
471,561.4370465,0.980950653,red
472,599.5535196,0.971153846,red
473,601.8207548,0.981132076,red
474,880.1079061,0.981125356,red
475,800.7347285,0.961349925,red
476,659.0377359,0.971698113,red
477,819.937322,0.990384616,red
478,768.0863033,0.934486373,red
479,602.9374093,0.905478955,red
480,756.2292453,0.97,red
481,611.5108933,0.97167756,red
482,572.9002849,0.961894587,red
483,883.9281046,0.91503268,red
484,683.603955,0.933236575,red
